id,answer
5e7a923dd6e4ccb8730eb95230e0c908,硬體是
a2e9cd802197b8f8dfbe235e2761f9ed,列寧的馬克
c7c8a85b3f0006d44d86510a22193620,通常情況下，
7f4f68726faed6b987e348340a9e6a61,清
89908ef5182021a9aec1472c5bbcbd8c,中國地質大學逸夫
14f4fbc7e40d017836f414e71acead71,江
4911c04597a5e2d7eb539efa00c053f8,抗日戰爭爆發
755ebc079613e214f1abd5d52a6e8d32,1959年，四季
38e45c1c2c6e7a96080bd753c7fadb43,在經濟方面，有
d52156507573c4742d4e75a887e5b5d7,中世紀前期是在
196459cd4f5ef8c3131171430d4eeaca,中華人民共和
f5594e2e303b34fb1620da127d930d9c,專有
a5ba4f33e0a83a9ecba9b0f3adfd7b14,東德的正
63ea80494c552fecb4b54eb64f226686,2007年瓜
ba806d826731e8dc38c8e8f1300b6726,赤壁
9fe42ca2d1efeaa8e1fd45120612cc8e,現代時期的
ddbea2ca7dda8989670a5ff773eb243a,心理學是
d82f4c4513687055ce042071780452e4,古典
3d5d21134f95a76609c8441eb73813c4,司馬
4c2f00fb03ad43b8209325c21201905a,在
39ab6557763c3f915179675dedf63b30,1
adb2675ed651e3f67ab671f82cc264fb,金山
b8664bcbea5402f9fa5885b9ed231f12,密
e2d2afe821fc59ddc9227d64e35c7c32,硬
e84fd3b41339ec4558004d66ebda27d0,北起徐州銅山藺家
f7dba33d747a99b0429e08b4c1ac3363,現代時期的
0ab024ea410b8dcf969f868e4c114fe7,襯線指的是字
37bc5ae3cd3acd6788727c388c397b1d,雖
d2a6608bafac0e882e002bdddc63db64,中山市最主要的公
ad3029557fb36d544b35f1aec3fbc865,現代時期的
8d38d1718277da29fee660dcef42ac46,依照憲法，中華人
09cb4edaa869505cd516d727ff4758fd,納戈爾諾卡
6bdd2dc8bbbdca1034cba722ec182d98,密西西比河西邊
6694159995d0c7acf63cedb816d2beb6,維基共享資源是
237fcd7ae827d78952c9e102123dbe62,主帶彗星是在主
8fba5163cafc7c9f7b3e772aff3658ea,2008
fae75c17ca82f292c196294625258a80,文化廣播公
0d092b332bd42301a0f90ae706e41e61,技術型
09d280b721aba108c5f23e2935da60b8,初
758c8ecbb9d846c0eea65f8e030e3b30,強調自由為人類之
e88f40dbb7d96a7b1492faa139f131eb,中央軍委國防
7356186cc97b5886809ffee83ac04d93,華南理工大學，
a0adac4acd0a50397a77d9685351be81,中世紀前期
f24fa605a776040ace63cbe06fefaa7f,馬來西亞華
8b39ea7de68916747694ee8c067f9a18,在中印
fc4aa703132069af01b46b80b8926fae,2015年1月2
e3c5c08f75ce0efae51b73cc3ddfb564,麥克斯·施蒂納在
8db285906d93a358467ec1e26f8dd294,從196
162146ba9705943f9dbe2acc38df9a10,銷售時點情報
d2b814fc7e42ff4a009d0bef2e45121e,唯心
d2760b53cfec7122f970d0da8892bdac,2007年瓜
26b334f765f5cb024ca1f03f005626d5,199
05e399abc3e32f01bd2252365f9dcc96,主教是基督宗教的
cd8c0590f03f7d7c9e3cdcd8b8151167,16世紀中葉的烏
e0ea97598f9581af2545849e50be240a,現代時期
6747fa16af9ecec16411f331f1ffacc2,1904
bf978949444b59d48d1726cc0ee2c095,今漢江的正
91743312a7d0e6afa14d864c32225cd4,塞是指邊塞、
f3a151a19bd7ff605e0a78540a865b10,開發
f8dc5b8e2ce2aad1c21615e6cb44669e,1972年的冠軍
16224a4ba97c1131cd95fe492c3651d8,亞維拉
9b68f065c607b688fba428a02c4313c2,對烏克蘭
6daced661e57826af007d511eb0a26a3,瀘州是川、
44862cd9d221786088b015adfb122df2,個體經濟學，
4230c5ff12e4efaa24d309e8750ff077,抗日戰爭期間，擔
35f95deac7a7ed5326c47bc498222e95,孫吳重臣陸凱
992806485ca338f51115364ffcd1c894,世
c1cb6699c12fa97d98d4b50acfe24078,然而1981
3ae2000d7df822d5948453092763fc79,硬體是裝置在
ba9cbdf1823c859bb1c7bb29ecb072d0,紅軍內
d248410b98dd74dd60eab5a65d47ab57,《中華人民共和
fa47adfdcf01d2cfed5b5652b8ce72e5,911恐怖攻擊發
4dc403fead6031f91139aaa8f7f34536,阿根廷
7dd853027b5e38e65cd11d48020bd18d,中國科學
4118829deb963df6a256958a92956116,2015年
0a8c59b26a6bca0f4135458db0147543,董卓為
4a047f7b90ba895a48492ecbd041e1f7,三重區，為
5ed4e9758e5709a5e38bd7a2c3812801,馬爾庫
42829f4621afad8a037b51ce8987a75e,中山市工業開
ba5b79e82cb28dc791cf18f196f29a16,現
a106be069e3193e4538d7ac2ea272ff0,馬庫
d0304d10ad5d9d4d7080585598eee3d2,牙科學
287c7bd8e7f32775c8931abc10e7013d,亞洲第一次
91218a6bde635063f01ebebd99902dea,第三
1b496b891441a55a8a2a3983c33c9595,京滬
972bbfdbab5b69f965e4876df564ba63,民
d138f7fe54ac70cb275383e0d4d5a501,在新教國
ebb8635f8a9786f0b4ae5823a20f82d1,麥
b20ea5d771b62f8c418e103523739b64,現代時期的
521fe2c187ad31e0e15159221fc11b86,中央軍委國防動
58a49dab36bc5589133fa8d7326d4a5e,西班牙人首
67c06184200c0d94546ca2536327c6e5,耶穌從死裡復活
cd5f4d3cb8a7fcebcd618688f8a5c97f,中華人
08f760d109d955162a21932c2490a116,2008年1
ba1b1fb9bd89a76f7302b57320cc3f97,中國人民解放軍
345ffbb13230aff3fb3e774e65017191,耶
36969632ec47dda467e8db260f256609,直到
9eaa5003af53a026c5b8d062ff2688a8,法國最大的城市
c246fccb3b3f5b11c4321c6c4668703c,現代時期的開始
30f43f2ad3dcf93ba8371529ee6d7312,歷
c42fe73536c6371c371bb7e14f1c904a,1972年的冠軍
b50ea1bea852b8f38083e70d8a491cde,中華人民共和國副
5d16fbc913f85477ff18dcd79e2ddac4,中華民國與日本於
d7701c09aa0ef22581075f3d548d8624,以美軍為主的聯
e1c8972a04d5749cd18fe1660cc43325,中華人民共
3cfe538f49e5e91815a2180d4bf5c54b,現代時
6ac374a90735ed4040e322ebae43b1d9,第十七屆夏季
1e8a6d8fa01f17a9be3b8e8b492cca46,密西西比河西
faf0f5f258c2cc5f1671cb63c9342b54,選舉在1789年
520ab8c4d610aeed157bf27ccf5825c2,曹魏將
c5cf7aefce07e167b5e3370c0e4dc8c4,依
f4ec823d5c39b1e51eecfaa1471f291f,亞速海是一
00be08393b8e78f8226e45d0fb376dac,亞洲太平洋經
6ad2fa80497df702cd40d15132e02258,2011年
9f74d35c7466c739292e55a79f2d8a76,2014
41a85e7a471076380967875696631fe5,心理學是否為
513d28e38aaa337459324437af79fc9b,中華人民
07459cf6f9169bed99d8a47156ad33f9,1949年10
a05a4c4c330ffc8876f15414c0627e5f,20
4a5c787f7849ec8c6efe7c0ca1a361e9,中山第三
62ff3e476827711513256b502471080e,標籤
5cbd2fdc0eca9dc240fc8ecd438786db,義務教育
f1280aac8a952da7ca14c729c7001dbd,銷售時點情報系統
36b35dddc15dda8f8812f1f279f313f7,維基媒
c7cb7d4286baed3b080a25c27610d027,氫在不同情況
2e3e47f0cd7e3a48bde90d324c79ca21,中華
07ca2c3e2776a07c2d17a986e06e7e6b,舊石器時代
d79b799b4ff863fd1bd2eb85bc70daf3,中
85a9f3f0ce7c11e80e02b5b5d73253a0,心理學是
702ec82f667894ed8d376095519caddf,半
90b7ee5346d439902ace2332bfaf64da,田中
9c51640b189f65ae18e964d9937a9e11,為了表示英制的單
7641e057b254d013575d93061498819b,中央統戰部
2c4cb793bd7273711658c7a84d7c5cec,銷售時點情報
a6507d225ffd6745b38ecb55c7e7d27f,從北方南
3b352acf910f76e11523c10243a64ddf,京滬鐵路
808eae5f9ad38273b0daa03394cde61c,2007年3月
cb8a0de64b797e963e11e97c33cce09d,書法藝術興起
3e634092937670929f9760e798758ec2,史賓
61b8f799482e282fe5544c04312584ea,半總統制著重總
bf0c255478c2acaffae48eb1d1903d2f,聯邦總理是德意志
4cd7b95c93466ef76990c6dade3e4e3f,第十四
6c3bee06c22da81597867b6a1f3a4840,七年戰爭發生在
5b41775ab9b3da5ddacb5e6be67358e4,東漢中後期
866febb63283eb7bd62f778bfe1b2610,柏
a0dcc97e9c092cebee98ff03e073e059,中央防
d2c58bf47edcee79fffce75f52d17498,建
f98f8349ebb761ea862f5482f72c623f,如同每種
d00c21b5fb07886183d5544859ced71d,交通銀行股份有
56411677610d21c3ca1d6c51f3a2714a,2013
767fb5192c0cdad82418f54e066be301,丹尼·曼寧並
7965dc2c839bb8348289e15d264644d1,現代時期的開始
4493dba8b592fa615f08d0639bde12ef,廬山會議期
b1977499e29c6cee4e834859b044e4cf,有一段
1c4c3bc87eb6220a4aeacda97d42818d,柏拉圖哲學思想的
36ffb5275128f470192c84f781dd8efd,2
161a2dbfecaf0c8972e74492e30d25d9,1954
a5a2bb972428eba1b52ad1dd0d52030c,政府是
20416f59083ae96614947af70024ddcd,史賓諾
352ee970f889c40ebfa65d3e45ca11f4,1978年，第
714e059c2a0adebf3661dd821a8fdd76,自十五
1dbe0a0e205fee7062c9eb08b56a4ff3,九華山位於中國安
cf5ae6311659fe621ae00b241c8c537a,2014
6451b08136e296a35a581c2f756418d3,智慧型
a5bf25424fba1fdf83b85fe4be5e37dc,德肋撒許願，在
81457cb9fd4fbf6098d15b585849586b,世界氣象組織
c8d4b9d40966d879d3f5156016ecb201,在
54508933cb7eeaba6d46dcc28983e096,在中國，由
6f99579cb5d73e69e7bf4928cc0fa604,政府是一個政治體
b0f3fa7e32fb53507a5213fac5125b3a,中國科學技
4bebc5ee51f0d8e107ece7e12d365b6f,香港回歸，
fa224766f4942d6c40e0c41c3201170f,香港島，簡稱
fa6f58fe6755ec816fd49d52ca8ac2e6,由於
6193b1a91fe147cbf55b32d5ec5139c5,法國最大的城市是
fe765576eae6a258795423f100a05236,國內生
3d1ebfb05f6588be1587d51392e0c492,奧運會的比賽項
31c266b80c850a138a7669e4fc4b058a,如
9c889d788e8b9bdc78f3447573781baa,186
b9a1db81ea766329f69f7b165d19992a,中華民
2258da4122be27124bf77cf8c2e48069,1927年8月
98366d2d69d3e02c9e4e38bdeed1ab22,敘利亞內戰
cd2e153522b8ee00f38547693a367946,依
143b87ee29a016e98f86814af1b045c2,鐵路方面，黃山北
69cec1a49af750941f43c8988a6c1305,《為
ec2c0a7c24ad65cbf1f581efca31cb54,科學與非科學的
9d192637159761451e48a35f88dc0d76,奧匈
d6caa170877795be542bc406c88fb907,孫吳
1c2a632ae6d50e01e50976dc4d8ec7e6,抗日戰
cfe28c26e849df922e2931f1002145e7,命令
e16906ec74129634f0fffc3923d33bdd,1
fae4ca4d5c2d67037a3834b71226ceeb,國家
6b7890a696fa2daf0bc026ba366d710f,中國
2f8cf8e77c1e4a7204a742e6a617d965,京都是日本一座
c056a173477d144a186825fd81d1cd11,200
dedd3926948fad149a1a272638bc7058,第三十一屆夏
dc38644e0de1275ac66ee4b1e2a0ed70,心理
956107d698a7143075a0d654e908d012,亞利桑
516a18e3e4ae7764b7401aa55bfec0b0,敘利亞反
070375bff3e970c22390a505494389b1,191
a68fa64eda70b3084300a1ebfd4b9ef1,俄羅斯田
22723c4ed32288e3f7d17acf60be1112,1
7e01eb8c7ce8cddfd1c8f35daf51ff0b,議長、副議長
dad84f95a2d7a705eaffcc62aba603d8,彌爾寫《論
02a9c0b4c998de4ada88f1247fa1e530,中央
6ddec482c903fcdf11c176d9e1bfc96c,1947年2月2
544c5fa16d959c1d339965b022c41d2c,1990年
23b8a1f4a68f2b54f347c27f22cc112f,民間早就認識
2e7f25ca3e5dd813ff679895fc222f00,從19
3fe98ea987fe896467f1f43c51353a94,所有權又稱完全
b464cabfa8bb33a51a2ebddddbfbb05e,笛卡兒的
72e628c8028edd410cca716d4898afb8,九一一事件在世
0820125d67cbe114e9fd104094330c7b,舉辦過夏季奧運會
0a9a7732402a9ff11fd5ac88b4a377c2,戲劇文
b2994907dbfe3e63967fc837e999e761,柏拉圖哲學思想
2c5ff1504e8daba4b36f42c3c94f60b5,所有權又稱
838a0b17528f57956967923a4e9c4df0,國
ee083f561e535832d18e3f0e98224ec2,半總
4f8357bb126165070ee4436553651899,在
7561101d64ece7eff60a2f3f5b9591d2,春秋末
64a9236e9c2eeddc74c412b544cdeff3,民主社會主義是
f0d25276e28c3f82710343bfee476782,威廉二世推行的
b4405f9463b04c80bcaa2f66cac045b5,東南亞是
c19ec4cc31fec156fdded6c0ecd932e3,在199
26a9eddd77f3a03ee85c3743e894a7cb,過去，在中國南方
5c5eb80f85cee20963ccdb7ac75b56ac,笛卡兒的
99eff919f80cb48c0b74fbf350afd265,倫敦政治經濟
b4d3530eeaebf0e69cddc778d5582c85,2015年1月
8415d22e361bfc911e8467a4c1950a33,有調
fa95164d03beae6dd4f661cc22110508,選舉在1789
2041594c6a3513be6c0cc4fd56c402fd,中
14b44677bcbe07f6993fc691a2c40508,臨安區是中國浙江
45cb832fcd1e82b8dd585408631216c7,一
b87145e58295c499bb028770ed9ad99f,在2
702b1080f94bf54018407dd8388527f7,戰爭爆發後，美
c48bca4b7fc8933a4b51bd4220f5283c,在610辦公室
8de7618233dc57a89d4eddcdf64a4611,軍事
dfaf28d5ada2fc197ac8a074b1db9b27,晚清
cd98c5b46083a79573ff98b5bae4bd5d,高畫
0ccbe6b413b0c903ccb8afb856aec770,戰爭爆
f78eb850d37ff1a3ddc49396f9dcf3ff,心理
252ebe51c50298bf3f9943ae6d732a6e,1
8f86b10e77d7a7451850be35fb8bac46,維基媒
8837cb17fe18bcee7f9bb14df4709d72,二氧化碳是空
318ac659dc7b4a2681228cdd5cb30458,現代
a5bccbe8d68451aa02fa2027c09e8da1,巴黎科學院
7017f43e4307193c1166d21bc77dc6bc,中華人民共和國
f788a15b8bd4d5c3e1dd7b334a9e7ddf,最後經過毛
953efc7169ce38c69e48661285e7f06b,開發區依照產
9af2598aae0ad142fc5e70958227728e,亞洲
3277a03d91da4758599660ffb2d80d08,舊石
aa9a92825936e5e619f01e99eda22271,「城市」的提法
0a7a78d9a5a7b124712f68f38a5aed30,19世紀末，
e08a8e6730daf03780bfb464e4d8b3a0,從1
89167ddc7fb75f9b28ac877bdae8e56a,命
376601e3d6bd3e6fd4000417deacd692,音樂形式上的革新
66f8e890ec9357cb5220b4b864d18421,智
5d4a0c66796382991eb339a03ead28fb,巴伐利亞發動
a4d3f11fc1e590d7e38000e176413ce9,半總
de2dce9a03944c8be289a4e0a4b101c8,中國的法律體系，
6f6ebf3abc34388811b1837ad1691d3b,全國人大是負責
97ef49cbc3bda890c9d0463a93dbe51a,直到近代
d0b226827a72b54fa5ef8e2a513341af,各
37e11b15bb7800ac514f6c90812a41ca,從1960年起
0633785aacdc60c6895f46da707c3553,硬體是裝置在
1ad9bf3b2d0bf927ca9d515ddb6f2c01,隨著物價的暴
21010ef51ed3d27ebeeff319533c9d42,江南運河
99921c937954fadb79ee4aead7f2ff1c,咸豐三年太平
3459bfc009b0f32b6c0ac46c4b1e15dc,200
88ce155b34bdebd8a4cb2d81f3f77b81,人文主義
fdf95a03c3a0dc2d197e01384f89d791,布里
332f95e64433679a33fe4d9fef5dcbd2,銷售
575d9443ff5002c73cd376dcb0149d10,花瓣是花冠的
bceda5a594e9585b5629703dbf6ad0a1,央視網是中國中央
5b9bc9f71707d5c5e8962478ade7e356,下
d9df7b0aa581e16a178240193fcd863d,中共要求
19b9570b1821cea7fd33fec21d129f04,戰爭爆發後
fa7562f2f6548749462bfbb5ed301fcb,三國時
8b2b0daf4f23ec81a4b2540bc460b561,世界
5ada5e61af399bc2b2730f4dc95c9002,有三種方式可以
da4b37242910e301c4221ec5fdd015e4,中國是歷
ab31403baa79ccc210fca277e338f472,銷售時點情報系統
4918e760f58637d729ac72ddbcb7ad6b,根據最早的文獻記
abc5626667d2caab09dd222dd3715825,第一任使節
318ab1cdf5be394164e5a4278007f04e,在不影響
9b0de5385dc3894db35a95be0cfba3e9,縱使中華民國行政
20301e96ff2e23bf6bbeeec6fe676887,現代
91fa59f4238f36d93ca5048293db241d,2008年
2b074424840343da2710b2c8b3078f11,夏季奧林匹克
e4609bbbeb0d6e0207360c24236bbd0b,義和團並未從山
4950440b52a8ad7f4e56d5d6fad85816,聯邦總理是德意
f4a5a12a9808a56780fa46b608d7f9ac,工黨內部一直有
ecabf598b2121f9d0066ff60cf334d8b,心理學是否為自
98cc5d4f5e5ff95ea70e01ee4fa25788,《馬太福音》
73ca9ffb3225943ad73e71d1062e5403,近百年來大運
7e2530c2c81f7637107ed43c8596e593,從
2643f0be11d42c0fac7016afde854a7b,多水是明尼亞波
cbf4f963d9bcdb5c95d5ef3c5047c7c5,清華大學經濟管理
28ffa27145c72fbbdb4de38b9c83c95b,法國最大的
fb3d1f5b96d668f44907c362b892377d,2015年8
332e5f2f5fd8b03af0e7de18fb670dd0,1958年9月2
417f82e2ed63aefd0b3457812c45b7cd,如同
dd5e8e6f245a317b9835e10e7b66ed29,美利
adb667410161ffa194f35ba0f5f76e49,現
15946ddde65910e31d4555b29ad3b79b,如同每種類型的
1ad9454b147815250b5c54a309e7a19c,初期
646adfc28a4516d5c1eb43cdcffae6c4,中華
24dfcfd98f3760505d78a133e975d250,191
e92e938f307dbfda6d353e4b5cadc90f,總統的
499ddb111f159754c523173e482ed060,專有軟體，又
757ca9a2ecc4eb540312482be3f725ff,到達涪城
88bb847fc0d8c52ca5c499103ef3fbba,臺灣現行學制實
8d50a1230e8d99f765ecc4159aeea829,根據《史記》
69f16dd1205f43e46d88905c33c3de70,羽球運動的前身是
eb12a711580c7043aa13d9c54ec4bc18,網
9199b8238ee09d6e05eb49314839a162,中華民
085c62f0c8df1667989c73226d17749d,國際奧林匹克
ef757112dd1cf92a6b060c2ae95bae3f,十字軍東征
5a86d7575b1802ae2c369373c1ceee4c,保育
502360561225a15419eea321b0aff5b9,開發
610aafd57a686c6955c32c4e43ede81d,1947年
bd27c2667d7a1d150a6938682c747949,網際網路檔
737167eb63334dd186d8caec177273d8,徐
bdb2edfc5ebc76530aee2fae3bf0485d,第二戰區副
968fdf50ea0dad19d145f9941ae52fe0,十
23dbeca9ab7a0b2eb2e893bf22dc50fb,現代時期的開始代
3560df20d938f89d961914687a79eb21,現代時期的開
e7fb8f852d69aacbf2698dbe848f0035,現代
7fba9e5872a26cd796c9ccc768108195,二十
6512f10d5f0fd051276bc2b6fc3b0070,開發區依照
80efaf7b5940538e207b16605eeed09d,為了對抗軍隊
dbeefd744a456851a772c1e4cf7e7928,心理學
1d1779f3cdd123f0229154163d057fbe,1972年的
ad3b9928c9894482330b59a17de095f1,全國人大
1debec4936f773b9795fa8ab524c6510,現代時期的開
adf053441514f62bda22dcf11ddcee0d,現
6375075a3144ed2089e847f415ea5b57,柏拉圖哲學思想的
e5733a1727de681ebf26c6cd1777df99,中新世為地質年代
09dd54bdb0a6f6971786967f15f0d92d,現代時
812028b1c832259b64eaad14d6f877cb,國民政府
2f3b65a8ea1ea0f437ce5710e66af65e,在他1962
0345575cd4491d0d28a55c5731868bef,法國最大的城
c9f066bcb9bee96e2361652d5418e9e9,有調查
0afd046f2293f688b439d7b82c65d369,由於地殼運動引
c795f9588755c6cb479c51a55d247621,利維夫是烏克蘭
bdd9d83094c9e235d06b8edbd6ad050c,1966年12
b7ef9146158c9eda1d3cc6d05f69d38a,中山市現在的地
c86add29727fba5c48a17d82a86fc160,現代時期的開
0086d9f555cc696f5c57b64cdfd000b6,孫吳
a1b38f847eea129d3994ba6e325be05c,二二八事件是臺
ea2bc8b15ca3a1702fe296e8721ed2e6,有一段時間，文
4f6386175a929643aaf89d4b83afd1f6,西元1881年
2b143c82f4da0610b3a10cb3bb77f9f6,自由意志
f25d82bf05e7967f4b1e25055637aaf0,耶穌從死裡復
f364c13462ae662e1166472503df2283,為了對抗
86d5f44d277293646e2c489436d7a0f9,選舉在1789年
d559103ccb00e5d8023c42138b6b1fb9,東德
ad5aa8e08de48d830c836ee1e16d2e72,政府是
049d0325275ddd78e80d848379b2f084,所有權又稱完
7578dd076735ef0d7569dac882047990,科學與非
dddec5e0a9ca0b53681bcc73ff7ed4f9,嘉禾二年
8fa84c0da6b7f1468a463578fe0532a1,三國是中
7ccc87b0bf8d9a6156491e812fb15f3a,第一次
0de302c3bafbb127d8f05fbe39c9bce5,中華人
e39bc7b384797d19d50d7ad2d5594e4d,經濟
c02a89e641fd280abca86cab1490924a,始於1
d9901d283f4712a8452c0b26a3ee3c5a,1949年第
14946d3c8b8d31686370cae9bac997a0,在樂
778565df6dd808f43fa146bb2c962171,中華人民共和國
6277376f3505cf035eda5b89f429b8d9,19
72e352810328f000fe4c01f063778520,亞利
e392860be2bbdef30aeb7eccd7875b1c,西班牙
4754037febd8c7944eb4631de32d4a28,大連地區的民
6386cdaaece3f219330e16fe925b11a3,五旬節運
0e12523163da95a48d6e946074d5a75f,民國26年，因
5908a7bca8affcf92c1f8b033d755732,現代
879f88baa4aeb560ea818adf806a0212,中東的地形錯綜
655e08fe431810792721345d4195dc51,佛羅里達大學
73c23f7ce7450af373b7af6559775ba8,至近代，中國
15b783d40c78e243fa73ea7a8dbf752c,一
46d512ce4709868412cc648b76399acb,通常
8e943428548903c45d1f7a46b55d5ff3,解放軍軍旅作家
f4c8bcff7794cd0aaa2637d3abc7147e,選舉在178
80f60b85586b1412d498a1d7464860ff,三十年戰爭，是由
1438c206526cdc94196c330bf5b4e78d,根據清
1ee71751813438f2e1a3b1859082368f,河北省
80a2db62d58261c5d8fae92634dec3ce,道士的服裝稱
4693f998f706e4c31093a83805f24b58,現代時期的開始代
fd202785a77ee5ba8df15dc6cd38fff7,中華人民
92f279734a41059c82e47791f2a6f348,專有軟體，又稱非
1317ce01949812a00cfe1d47d05bc959,香港中文大學慶祝
01cb98c3b88b5597bb149ba6956172cb,值得一
2564de978150f93bfb9d7e325c6cbf8f,戰爭爆發後，美
0ca85a84f55767db91456c5deba70db0,1920年
07ffc0470d95db8a3f009ea4584778f9,耶穌受審、
51943c6b0556826df8101010451536a7,開發區依照產業重
d070d4b6da040d2ebe48b531b257f36a,心
8cfa63f66593156cb75a4677864a6f90,網
3725986e0f1ccd82f19ae715166584d2,三國時期的
cb60ae8397871a2b8690f3b16e7b3def,現代時期的開始
8d2b0d43f78bb107ba0426ad78092fa5,選舉
52293894a038182e6ff9b5c90bc21f8e,拿
6ba74907ba9efabe9587f2237d364116,北起徐州銅山
261687bdb03ec8006e1499d255e843c9,中央人民廣播電台
291584d2fe5f1154a2783227839f80dc,如同每種類型的政
a2ee81d55621bfa86d21729943438a9e,Xbox
38a93c9f00a9aaf27b183e37c8b53887,維基
6e8a5a3af46ec595096c620041df0ad5,對政
98bf7f1133a79bc191816ddc88518c52,直接繪製
1a19e07926d190cada49d7d14c3d9b73,開
403cc5f3284ed862fd8ad40457f19574,西元188
dae61b90b1d37b371b013504a305b24d,1
14b8a6729d187803668542563fce1629,中國武術
ed572b0a45e270347b89f8419b20d76a,2016
eb2700f886ad027213ed15dc23b6a8b1,林肯
d62cd8a030fb4d5ac86e338361bd9f44,馬德
26154a720a624a6cafa11cec10ff4764,宋朝時期九龍城
817e2b56b4e693309cf2f79ae34573b9,現
d146a957882a81a99ab2288dcf72e735,孫吳為了
6f6ffe96a69e92e3dd67ab7f1629b59b,心理
5ad13030635db71dbbaf2b5785b2e1f1,東歐，多半是指白
fda9e17a50399aaa4b4bca150dcb3aac,過去，
56ff9dfa1c9d0a3bf4b6c36940dfcf86,有三種方
062eba05b8ba55522042d511c5b0a5b1,國立中興大學
9798038503d371250561d8ad750128e4,在1757年
01b3c1ca4a70aa7396effd6168708607,現代
40db2809cbafc5d75a999363a78569c0,與此密
0d3265e67b8199b374a6e155ff47ccc6,隨著解嚴以
3a67a74e14d5c939ed21fff2c4d1b72c,經濟
e6afdcb0a43da9c3fc49455cfa206e7d,網
af097cc454fa3b21ae11698173009fa8,1
d4ed10ae165c464a99effcedd54a504f,2008
5cc271d96004f17051a4dd5da54f1565,太守又稱郡守
41e69c40d666c46cbe8604a60eca1a4b,戰爭的另一
637474588f0b082087d5713c1b0b73c9,科威
f6349b15e9f928ae0f579c93253dba92,值得一提
a8d650f07a805adf41a588094539b758,1954年
12490c85af51824e52773b82576d16da,3月29日於
ccc9148349c1d24f735e0e8040c3b03c,1984年5月2
bb40ba8d52f225d4bc19a359977ac746,公立大學
459338c0f133c6f2a9ea82ace25a191c,三國與外族
38842f4d8059c291d2e74b5d10e38a3c,1
f5b0f17dd1fd3365037093b910888233,美利堅合眾國
703e4d4aa523ad94e2fcd354de4ea6cf,1925
0d2b44389f4e675eaac75682391a87ab,中
a0143d7476f0c6ba2cc1b9c945a54b15,當時接管
c26efd6223e83cca0cd4259dff563f26,19
3b96d5391ac0d72fd5f699f237e741ca,亞特蘭大老鷹，
913282d9f80f37aab3b24a9a326060d6,下薩克森邦的另
04e6d4bb2e56245b916133baf574cf55,史賓諾沙認為萬
46771dfcfc591d288f20fb748a6ead8d,中山
d7156e77790deb91567290e893abdafa,雲陽縣位於
7aed5057d526f58030a6587912c586fb,笛卡兒的宗
687d5d5523671caee37e6d7c05358d5c,現代時期的開始代
3b6a3a5d28a792ca73bfdadf302b6e66,開發區依照
385902b47d567f82b0cecf15aff762a3,自由意志主義
7e7694b3fc705eec29a437e0a2e09480,佛教早在西漢末
ef0d3541641144ad3aed3d1d753fafeb,樂
c3982ec232c0565daabcb92499696220,中央人民
9b5e0c5c77551752d238375b220eb6f3,抗日戰爭期間
b80b24cfca6568c54ace7568a516f01f,美利堅合眾國副總
632d4120e033fdf40c5e12f92dc1be9d,文藝復興時
070d9d45a4937fa87ab966d841c064b7,心理學是否為自然
eac82e755febfa0e76585e7c93686c0a,仁川
0523a22746a9dc634bbeff45ffb593b1,密西西比河，位於
5b2d10c5f34cdcd3c681960263787a8e,中國工農紅軍
1431ab4b2bbbb750e2c99038b3305181,1996年，
919659f6afd39af8fd0768765121f7f9,中東的地形錯
4b89d9ee2094ab7daeb923778eff867f,中央電視台通過中
aadf4f3709b74b9468c91a252b590647,2009年4
48bbc8b59f8900d9bbdd4f69505f3d8f,此
80120cf44a91ae27a44f6b34e9d1064c,安裝維基
211b6b30ad78b7f338ea89db308ac8d9,19
aa16d1e55f75680128f5440f1b7b6fd2,冥王星是古
37cbd0632d9f9d1be84631662684e592,智慧
aa509647614b070a673a71a5b8ba7b0e,全國人民代
4e65b480fe1b2efc822ffa2673993a10,政治哲學
489b307ac66bc5a695293bd8b0f3b874,而到1954年第
5f85fbdf04c1c384225faeaa6c83b79f,第一次
0084b93f77a45e8d4b27cb7a9b6ec13c,世
6989cd2a84357aa4574c609283df9ddc,自明
bf5a357bde2552857d490c86b7b69143,前
bd517981b75906127362a1ab83fab4ed,英國接管香港
b770db8771009b383947db45d63d3f59,如同每種類型的
08ee9a55a07ef9669a02298f3bad961b,1972年的
82e167da9d9f2a03ece037bc1c3adf9d,有些學科，如地理
881c3fac6268614c8f32699cd98bcb8d,水
1ae4809093732330ebe7b460797675a4,同時也有的民主
66284b6005e6900d3ead2d4f81e673ea,主教是基督
a5efa8e187667d1972ddc9f8fe7e8341,開發區
8b4abb80027077f285ce672d61c9509a,江東方
05513edc8eb28d37e7b85f2828951a3c,中國國際
e82e4c439d24c639ea5627607869b06b,浸信會強
2050f97056d036310c8408278ab7b163,股
f929cd3252a4a0db820d0219d22d853e,從196
58602094eb633d6a2877b7297750afc5,列寧的馬克思主
078fce2bd48748e67914f33e1c525062,北魏
2016658513c4bf9d662df3e1cd42b5e3,康
7bad8137b0a3b91b0b648fa7d5ba405c,200
2ffc67897eebc186dfe7282d81b4363c,中華人
685db0d77ac33df0ad0303505201a9c8,中華人民共和國
7276566fcf1edc78b721e9646a357f35,笛卡兒的
64a502910dc12a8bef439a2a23b03e01,為了
65e29f9888500773568e3299e063a738,京杭大
286c68ff793c77304d23ddf97c3194a8,民
d8cce7038214a8936e2e67e8e124d258,政府是一個
8cdc5118fced85db7068cf885f969e32,都主教或稱教省首
6999ee6c38a3f52e73784a61cd31c3e3,央視網是中國中央
3d948c4d1f4109a6a7918aef7cf69540,現代時
8fa21298f1eb3e3d14e046aad9f1c0a5,晉
5851da2e9cf2b9f1c5824ebef230c1d0,自1926年在
6e11c0d8710b3c769b2a6ffc65b199de,京都是日本一座擁
1b94ea77273f41fc3b661c641dffb8a7,英格
805b9a2cc64fc682da31cc1a89adcc41,在經濟方面，
532490eed814ee3b5c8c4e79febad256,東德
832b09cf5f7e96be9bc52bf2f3305bff,所有
1a8c16f4a0c1e0e9ba737ca8d7c9dc84,1950年，
5c0f097d8e96bb3a0856c8d7cbce29bb,顏
eafaad3fbb222e5eb176e74b74fe55b9,銷售時點
39c774f39b420d76f3300ccbae1ac2d8,科學與非
a57ba3e406cb473a2e729672b1013bfe,207年，劉備三
712a4753c4ebc7547f143f613dcec1c0,司
71dd6acf757012959950c28a2b834280,現
453bfafbf9079979599e163a39b39ac9,中華人
e3c4e5ebbfb43d69beed0ffa42e704d2,1
6d4eced711a6e08043c02dee62737c79,2008年10月
09babf671f48a11e99f4878f12cd68d7,舉
0a3b0d6b6211299ec6b2f8e778c73e5a,經濟合作暨發展組
262dbd4a9d60df5df93ce55790240007,哈
4b21177adff5bb4921939f250977e7a0,由於海峽兩岸的政
0a4198e8337b04e10c3a52c5aed71abb,德意
76c97bb8307e757ea63a1c34841af1e0,聯邦總理是德意志
de0f0f6f9a841afb6be95a8c4f460d75,進入1990年代
2423f6a9860b9a95c5445658030b40e5,專有軟體，又稱非
18b9c50a5900694c2d774944e024af4b,史賓諾沙認為萬物
ad49aefbdf7e65fc71a6a55d5cc94365,第一次鴉
233dee05065c11a3818cf46bdbb8380b,戰爭爆發後
885ba9a6049c5665e3c5b7e5caea53cb,美國的立國
7eee1052dcc80693f09acccfc13b98a5,積雲：
7edaacd75ab38bca52c7dfb09110bc58,中視，又稱中
6f3a0e6a70d3fbb73e66cd5f0db6369f,政府是一個政
3fa139b7d9f07f9c3db24abf7ee3c53d,1
03098af6e29c583dc558fcd0a00a0900,江東方面，
73f918aa09adbf5409d8bc0d01d2dc42,現代時期
cc83e73e458818209e663a5f85917b6d,在英女皇代
98ec37f2755a9c71cfc169c10d352e9c,令西班牙哈布斯堡
374a5a7b0f7da7fdfd770f7c2c2492f7,東鐵綫自
cb7a114712b61cb9b04c2aab0e536247,足球水準較高
d71cbc8da105bff2ac32f10e191d1021,在此時，腓特烈對
ef7f255a2818e9461b12461a61ede0c7,自由意志
339cc88a2c3331a1a975b6df560a8db1,開發區依照產業重
722aa6556617df6980454e3617823696,加
b6b3a919928bd5fc27ac7e402da1e941,1955年10月
0681e701eae5cd87e60adee832eb2bd6,為了
ac260e77bfb2f99eeb53c176afae4107,下薩克森
d920ffcd317e125e897d550485ea29e0,戲劇文本
c36654a4833073d41ec6e9ea33ab85f2,中國菜很早
1e9e619fb2429e9d09215e510e6fd596,三國時期
2d66b1d6702fbe60d2d29e7f6c312193,司法
77178a21d040a69fbd6061d75079eeb4,民
5dd868c3a6a2b6ab957c3ae87bb80d06,由於地殼運
c788dbc780e38feead9e35aaa7d4b6d8,經濟及工業
54d88dcd2c8ed07bdfb075361c19e4df,在610
d349b1a1cfa64a77ca830ebd92092c4b,香港有一半人口
d6d9d94e3a1b3350dccbb4a2faba6408,有
ae8eab0f87a74d87272a9ae933a78197,在《什麼
5d07b7569da41d44bf1e40caf3efc7ae,高層的對流層
46d62526696eda18fc24f58a95428324,國家冰球聯
d07562c0fb22990daa83e775f16fd149,史賓
4232268f8df35012edc54ff1ef0b80ed,198
ad896a3d3c09b8630d70b59fad970717,由早期傳
e6188b5ac11c38fdd03ce75ca9b020b9,2000年7
802fad2d2695b7cf26ae24910e86924b,所有
4920165678677e769e5769284630f48a,中華人民共
289557948e2021e2e11fb5ddb0a1ff46,中央人民廣
dca952f981bc34f1c8c5f56a57f43e02,新教，又稱基督
8d55ff04ba14a62445a26cb9ba5adb14,目前所知
f18182712b326d687dae21a77a1cfee6,1972年的冠軍
4b32658aa8d8a7487be061d3348adf04,1986年，中華
9392a7c218decfa7fcd0642631d0711e,中央軍
e5f1b530a20a5f7fe3f584aa8dced483,到
97ce0ebd03dfda64ec1ab39a85f34427,韓國傳統
6af40b7e18e5e0366a6a85854450c24e,字體在書
f047bce38df85616cb522e42fcade006,《四庫全
c5681e9031361a6e74f14513bc1f08d7,在
365e282f12f7623b069b44c00f6c44b3,三國分為曹魏、蜀
ec48fe8e4aebff5484126cc78dd069cb,京杭大運河，
3ffe5bad710086009029afad320f7366,氫在不同
caaccfffd551cc782c8ec650eadca9ef,隨著中國推動
b8bec62e246ef4a2f0748d2b4c4c13a4,心理學是否
374bbb6d99b575a0359535b53bdf1e77,抗日戰爭
f5a083014238f43cf8704e6ecbbc66cd,中央軍委
2d53701c2cee31589a470d62b7a33f54,普
79c0a88f7fff43fbacd6264efae1fba0,有限
9cb3a30834de337422895f1adea16b04,交通部是中
d58562ae505e34a89aadbe8e5bae0fd7,奧
39f209996be361b9e5240b3346fb4479,1995
ecaa23993a22818f34fa9788f44bdbad,懷仁堂原址位
955b9164cbaee2b002c95ea511ca64ac,2008年3月
81f205e2c3956ba29103df198dca88ca,開發區依照產業
74059b0d0e384537680ea37fd80a019e,忽必
5c44516d5ca4008c7464b2a409b52f51,雷暴會在大氣不
71cf7b61a6d36a2ee01d14388894cc5d,選舉在1
92948227d2e1aa87f3ba6764e06e9796,鎮是中華民國地
e6f52c9ee7cc0a839fb5bfbb5e10350f,法國
1e206bf978bb17046ef7c444bb1bc5ec,1925年，
6b01e722c3dc561eb399ffca687ab359,依照憲
1d50384bd1f7a65d0e8f0a9840fc4386,中國足球協會超
fbb3b01c40b20ff4d758f0f30c271465,智慧
4f8b9d98de93d813d6c1acd1644af569,Xb
c5c3ab45f30eb33b65d66cd76f44aa97,智慧型手機的新定
7847d757fbfb76c24bb848647fe4d197,英國首
59a26321e17d1be5cd57668977566ed0,唯心論、唯心
4f0739788ed5b50d2154c07b66a4cf39,古典音樂的來源是
8efb296cb31d3b3868c68f3c5114a3f1,現代
5a9f7b401253ea752475886499a052e2,現代時期的開始代
5f9273a3e17c5f7e4b302752c4d63fb6,過去，在中國南
6e60691d1629ad9f7e1411c7e4144a79,柏拉圖哲學思想
82b89c5b006f668c6ebcb9002061f8f2,中國國
a269b9eca2fac140858a45093016acda,為了對抗
221c5b956c985b2dfae09991abb7b7c1,國內
89ecdb2e85c885b6bec7dfca2121154b,由於羅
cd386d0ea0174f8c0bb4a781b328d30f,茅利塔尼亞伊
cc73148124fad0eea8f63c943d1d62c0,遼、金
f6adee4aefba8af0f1cc7c06e1900a61,中國古代的中央政
d034686c3b5f1f30a32e282f1325aedb,周禮成書於
294b63943be14785b2422f19576ab6c0,新的老闆把
4367934ebfb1058cbf08af08bc7c741f,余紀忠時代的中國
b91a49bd41ed2f2a2e58bbd9cb8ed9ef,馬爾庫斯·維特魯
12ff35a985d1f29f4ade27d837a7c95d,現代時期的開始代
3ed35ed2858cbcb11124f1b866dd7e26,三國軍事制度大
c42607c5d361bb01a8ef9bae89cc4a21,中國共
f3cd9e28c85858f0148107bd32423fe9,中山市的行政區
1c71f8c5aefb96e7210646b11344fb61,第十七屆夏季奧
222b6a9037782fb8577aedec98cb9354,柏拉圖哲學思
f2c9948a1999b6360aa85c4e9eb3757c,1997
89e565fe73929278746dda82db6a6e28,心理學
d7adb56b778ebf6e6110a739d1f682d5,詹森在度
5fe2367b865758dd9a35e70e7fbd4a6f,所有權又
25aad1b965f93ae05a28bb01e54918de,京都的
344b16f9cc4860fa0efb95030b73aa8e,中原
7bc28faac509ee54f1f0b7ee847a6854,2005年
88814e054df5749aab55bd9412faf1dd,專有軟體
911339c8d88a850ef6c44b71fba5e365,所有
914adb022136c88dc62f7c80b279909e,網際網路，是網路
72de554b86b6855e25e854c04ad6835b,在第三階段，
b11beb0ebafa9840fc4672d8d5f4d5c9,自十五世紀
ce590d24debe795a6530cee5ef95c39e,史特
e8bc59d851b9ceb60ef6f53341f5c90d,國
22d5db045098f33ea07daeadc69c93fd,新教
1b886f67e455866f9f57063b3dae3581,中
819e5e8d3866a89b5ba14dc67eb32622,心理
4b55539b21bd7222d1505c73e9508b0e,第一次
79e237c2b8c168f9ac93dbd229df797d,現代
c09fe9e5ddb4b7d90887ae0f8f6d9c02,聯
099c59efdb21b67689119813a45a9761,美利堅合眾國副總
c09d848d5cedae4c54390230a1cec66f,中國足球
e1d8993542af4db412eff147c64678ae,法國最大的城市
b0e02c56098028c74c06962a06c4ae87,政
c24e3d9982446a241ead1fb067aba2b0,立法權：依據憲法
a2291f484a5d442c45a1c0a0f3eb2bea,心理學是否為自
4ae31e9ff40ee7bc1e457663df5b9fe3,物質
3a80ace068d19f978d798a516ce17a22,韓劇在二
b45e33cee8d3cea386ef273a0755a398,夏季奧林匹
53e6eddacffdc8fa453fefde1c885d2c,開發區依照產業重
9038c5b37a6609d59025b0ae6fa7edcf,夏季奧
de4fc6c4cb25db3386750f84701b17ed,笛卡兒
0902fb5d72378a0dc9652050f34df0c4,滿洲，通常
2c1228c00c01cde7ec5e1e9204486173,徐州國家高
de6eac3a56344e60e97756890212c7f2,現代史，又
cec34f4c7a40f5c568d4dd175efff188,所有權又稱完全物
446097998e6d12ebfcb5447d99133bfb,由於歐洲
074d36b928607beef3e405f0a87d7207,還原論是將世
00c62d5e7d44f9a682a58e5413f4e1a2,2015
52f946ed2aab8772fc145facad432b22,東漢末年
25bb1fff1c18e404a8899173821e4d76,最後經過毛澤東拍
14e26fc7426c683ea809b28b5123c40d,國家或國，
cc9194b44cd97efcfa8357f2b9a05359,國際貨幣基金組
115ffd63fff9e55830fe4b89a2ff4351,揚州市是中華
9fdc618d11d7f0917bca3e7f94e89ba9,京杭大運河
7104c9cc6a8df40e4f7e00e78e8636d9,巴黎地鐵車站內的
5a7ad956ee7497001eb59136e57e5706,如同每種類型的
6d5c61be9f2830243ac4cc53ff471a55,政府是一
2f3c8074d4bfc980689c02bc055f9df7,三
3f44f07b0dc227db21023dfd95a247ab,樂都區由於地
e6918cf3af30f4b08662a1c74a4f90e4,二二
7e76b91bcb303beee80361fad25ac967,中新
3dbe6aee797ae36a6282e712288b7316,最後經過毛澤東
a12ed90746890ba5680a8843951fa840,華南理工大學
55ac9f58a6739cf72efb4dac6926e8a3,網路電影資料庫
f5711084af0f9205f241cab5a468cbcb,19
c718162de86dcc107f100b79980b65e9,3
98abbd0dc82fe5cd14c499cb54d41ab2,笛卡兒的宗教信仰
bc5b00299f143af666841ec73e7ab094,196
44b0ce7fcf5aad47fa0d5ceca32ec440,在
c65d8785c467b9dca8d48d9ea9a9697e,中國
ee8a68fac4a0e095602375dea324f67c,中國人民
2d27acff2e735b3a614a041f0b98c559,1945年，昭和
18e91f35c7bfcd976d21993983cccf91,心理學是否為自然
adc7376c06493ef965fdbf73de6e3892,世界遺產，是一
7dbc35fa35dea00e4951e37c316502df,2008
088a7d92e1d97f275a74265a44203f32,現代時期的開始
09cac7121be2abc6f8ae4be76c8dd7ff,機器翻譯屬
08b48706b0df66d51d74d64f8e59f1c7,麥克斯
658121f2f309684b8978bf852d0ec755,美利
f32565b427de0ea7da7eff006a8584dd,2012年
cbe3a8fe14a4fa2568cdf39fbc792fe0,領
36d730498d97b85f834c83c01a71c9c4,中華人民共和國
3cdeb13776915d11f98bb772ae24b334,小行
7a952189c43ca3339ca9bebe8779489b,國際標
e5f4ed77f11c7cb803ae85e2905fe35f,在2003
18115c0bcdf17c6adcb472f7eaca94c3,隨著解嚴
be2090b8b8f4962fbb8bc8de3a59d0ce,開發區
9eb9e74e85e9b2aad05b77fd5c894074,《中華人民共
46892f005485186ceb9e3e97fa29faea,19
cb292516f6dd16155ef081e954791c46,聯邦總理是德
c7b4c566c5921476192d11c034313ac1,中國郵政集團公
593d5a9727ea5a73b750644894f4e426,命令列介面是在圖
304d729b87f9c23707ea959811f6ebca,關於《詩經
6ee2e5bf6006daaa2d80eb071bf9dc3a,心理學是否為
12a64c4af47af20c3b309ef5624f12f6,1950年2
444ef28323240a06500326d16f6953f4,半總統制
d6074f06c40c3a4cdbc985ea9300d538,中央軍委國防
67914a100a5761ef83896c51d466aaa5,標籤圖檔格式是
bfa54192f976438cbbed67e6371ae1fc,戰爭爆
c87e2413ebcc85173ff2731eda9d9102,耶穌從
c689187b71fc4fb592fe7be89432627a,《中華人民共和國
b5753a1e4cef4d5a0a4dcd37d82db939,除了太陽之外，
522609dbd824f5ebbc83483f3c1a355b,中
84cd6bb437d9264ba5195b7a4628c689,史賓諾沙認為萬物
e327e73601e6fa9904da8d7a4435260c,中國共產
c5253531b42788ee03db60d2eb532ab0,亞維拉
f2990dd74f3daa47089141470ff8bdea,1999年秋天
d12f229c27dba8d2bad141812b6c508a,副
2af9f7c23022f6f7ddb2f0a83e5a262e,2007年瓜地
502974d78e8cfde9db9940280feceec4,中國國際
4a36f62408cc4e827e14211b329c9e9d,賽德娜為
bfc74d11453d2010d8626a826564c4d7,東晉，中國朝
b0ae5aa4bb16e54808048c00602f4119,現代
e1f6289adf954565ead51f71747a6bcf,笛卡
f803e7b08b20545800f52feef1ececde,柏
c4441243f05df234221216fd697fcf3c,由於學校採取的
8b970182508eb0e82c86a70e46950318,因為OVA是
79a865dd82a21b32f726e1186261e81c,投資在財務及
d192f241d61ca41baef7968ffaf8435c,現代
64c6fc2fb70f5428da6d3ba1564e7486,抗日
1f0147d230d806a69b5de52d53a85247,科學與非科
8b555778e76fb740ca047d0c840bcd0d,中世
deb2a74392b58130efb40b39643db157,第三十一屆
901140345f9d884ab7a5173d6e9391c1,據永田圭介的專著
1a850b538e7e8227fd538d5d2814ec45,辛
28761c5f624dee8139cd68b62ba93d9e,「城市」
9210c277655becae34e5021c89cedb0f,在6
7f92296764e7306bcda5ebdd292c1011,中美是一
7e1eff716e94be058c221090ee49bb0f,玄學是魏晉南
64dff9f2dbe2adbaf8b6e6ef6c0fa024,隨著京滬
3de77390015809b30cb8a0f93dd4fbe3,對於個人權利而言
c6e1c42b6e859cd30467d00053d4f70a,在經濟方面
d4b2e4ff87b9cee7339ee88e63139e59,對烏克蘭
80d9438d144b8e3c4655d0f09a234b1a,科學與非科學
5c07e1901c1f7e73f1b8436891d17e73,美國的立國者
de29badf21c1d02c09d45f9b33a7d4da,機
06291e4a8d38ca3f9e6b36bc232d17be,客家語
0822a933581b7214831a97a07397ae25,經
d43fd4fe19787d4f6e98658d22067f68,每個可延伸標
b4df786c09fce313bff52e84e4a97460,岳陽
4c5c9ab3575ce7eda85fe7fea16b630e,1925年
c58aae01d5a761d5cc9d7315ef236280,據他大學
56b189aeb1c5557d117f75dfa2363b73,夏季奧林匹克運動
687f263667586667ddb87fb18da68cb9,建造蘇伊
8adde6283d27d8802e65153975146b88,豐京及鎬京的遺址
17df9c41f5f84f2a8bbe6284729a66a7,在不影響上海站日
602668c71955071cc847c992e2b64e3f,可
195548397dea66395eb92a431a01edf9,政治哲
94fa5f2aba198ebd4f1767f2b865b96a,無
908e57ec3fbd8c429f2ff2ce37aa2d22,香港有一
b7b82853969f55a0d424651a1b1c30d6,武
03a9575fdb75f9edcc938af1ce1e7348,金鐘位於香港中環
53ae0f80a9f122a498d9042c85caa03a,目前
7ec3b971b1ba5b987e269491553dcd79,19
9fe022f1fccf720652a38c659834550a,徐州國
f87514641f1ab078f0cd69efffdc9da7,英國
657797a68f126fe1bb8260c1b81a6c10,笛卡兒的宗教信仰
1bb37b9abcedbe8cae8a6b693ce91b13,臺海現狀意指當
3dd53848026e1d9637fc7e7f47f14453,硬體是裝置在機
9fbabf4627cad774095bf6b897cd6ed0,現代時期
954a6b2a07b23a7db18ff0b75af939dd,笛卡
e236fa23d7e004b7d47e61ca062f3e52,投資在財務
d74ef60690f7591bb6eac022e89f60c8,2005
7588a22adb19f470db584700f4e7e00d,亞洲第一次
03d7e73f76bd8bcea848615fa687213f,心理學是否
98e52a7ea946c1b878f176392dd59a86,俄軍乘德軍
d507a58949ec3032c123962fb6017089,習近平，中華人民
4e6f309032a0c9f7c0a717fa6449601b,開發區依照
f6f442dce33e41846899bf14331b7a37,現
a3c309def5be4e79e9eaa3775906b441,現代時
ffdf4e49fa5d1e127e6deddb84174872,1952年6月，
0403ac57de1d1df45926a1186b27500a,柏拉圖
ea31c3290bf04a291b82dc76721c5c4a,圖像互換
ddcab15b6943a97a5d120f99d7ddd2a1,中國
fc0815a7515d1f7126a1d9e855b1bd74,政府
4c36447ae9ec0895a67fa49d89721d9c,隨著解嚴以來政
e4c43a9616b614cbcdd1b11614f7cc9b,瓦倫西亞位於
862de46322bcf3b945c06b7b07d430d5,《中華人民
e1b30eb1fec806c9dcfd089bfd8041b2,詹森在
bbd24edbf0e8004adc623545d7b3d1e7,英國首相紐卡斯爾
6e1c686f8243836dd1387863c7be48c4,香港回歸，英
42549ab04e71eca18a68113f865b0fb8,1997
09b3d58ed6bd10f94a23a6934f43c791,上水位於香
1985d9bb36d381bb47dcb2d93f727b9a,《三國演
845bf1c051dbd7784a43b4d25a5fa590,從1960年起，
0e4dd1f2aa6febc79a7685ccae20db61,林肯近
ebc4b9aeb2edd05a4966f9de72a8a0c2,依照
86cb014ceaab8e8dec9b65c33f5ee278,智慧
6f4f5fa663dc922b16eabc1e067dd097,從北方南
4f4638386ca3a5a212719926023aea6b,法
86d55ea31c3072619a318f8c04fd1c02,中央人民
3f0ef343a127180224ac8f007e3b9c79,依照憲法，中華
1d5a273c4da2f589f4d0f06199d18674,雲是
6a1ef58c7efed66c8df7fcad07f63faa,1958年9月2
14090142ffb0a9403f921d60ea63babf,抗日戰爭
26770313e1c33548f2f6d6cf34d97783,中央軍委國
64df1a2763c4aed3e83778e86b30f2c1,現代時期的開始
c8498fe79ed83573eb99f50393c168a3,拿破
b05bbe12ad79f6df45b6c87ca6e242c6,廣州人
9f72a6d8e864904014d6beeff21c843d,《三
4274049c334e6730c80dea56f9a427f1,在政府方面與
fb1502ed783855e2fc309d603eaa2d6b,網際
7eaba58820181b2fce1dba9cff91ff48,2007年瓜地馬
236e271d4f60b7019377f2f940b93c03,中原地域遼
988560fe1dcad6244fb239fd768c778d,德肋撒許願，在一
199030cac68df65e32b5409b838dcfbe,雖然明確規定
98eb701280dad39f6f2e67986e8ea096,在法國，總統
886effa001965cedc319ce394fa765a0,在印度的殖
42d6fbaea885bbe4cefcd9745c4bbe26,過去，在中
fc9ec7849542608c1a6cbfd61fb031fa,質疑時間旅行的
d22c6940ce38cfb07513e8be0b5557e8,戰爭爆發
876db258b443f56612db7d1c078f04a0,烏
771f46f94caeb0005b259f6920e5871e,羽
18ee1b5d3b928a1595c438360eee45dc,在19
8a33f573f79cd3351bb896bc6ac61d20,1917年2月
676b2bc8488df8375af5a6263934906d,由於東德在美
d096665e0d9d4264e4329ffd67f31431,1949年
c5a3f4b765fa8e13234cf963710373d7,命令列介面是
871ba99295c6652d1704b62c6e49637c,主教是基督
fefdb28b41fd0f900584d6502ecd9e7e,除
91a2bfe78833ddd065c4340efdee123f,這是
657a5f20c26ec06912f3f334d90a8a32,中國共產黨十
ecc5a76d6193cfa5a62985976df0becc,199
ca88491a323725af1126420a691e56a0,稻米經加工後
8188a7d7c0a8ca2845af5e43ce66e04b,伊
ac7e27fb7616c946c1cb7d3fe12649b1,笛
eed279c7571299b5631b91f32ca3f8c2,金
9f68fecfd7eca00cf19bbb76315c219c,在經濟方面
ae79ae44fc6973ac03c193b5662576d2,嵇康提出『越名
cca23866a414915c3906907f5c870d4b,硬體
a1a6db8c48a53557d25586425924e888,抗日戰爭期
b82d955872a910b60e947281c811e9cf,儘管席哈
8305ad5609fe102d10ac7d869b86282a,花
07ff1d831403d1cb22fafcb58746b94b,美國資訊
b3d6b79f52b851046e55224853f567aa,中
6d0934d73f06e14297c4b2b2ed073ec9,中文維基百科
011b906d788f4134e5985432a59c50ef,19世紀中期是
5bd3098349590872aacf68547843a3b5,倫敦大學學院的
49cc439fdd0421eef542c0227d527a90,中華人
0da22087369c7959b5329ace1cfcd6bc,第二戰區副司
506f251078603fdf9936f934bb79be15,質量數是
5eb00e440d06fa933864116acffa7988,中華民國總
c6e487574716bde757997a45e331022f,中國人民至遲明初
bfd25c7ec6884a36f2ed5a61d075cca0,腓特烈在科林會戰
0637f64e12af315dd8fb7a75067f5f47,軍事在上古
bd14fb9cda05accd90a2ed0ce8c1306a,在他
8fe73957b7cc80c55e887cd3f81c1e0f,中南海位於中
f5611a80ae7124b588099f0a0a14f7d9,中華人民
884f11b3571241a531f06a74e4732340,美
5e7abbd2bc1fc35da9898b7bacb41161,余紀忠時代的中
9ad34fd4b4c0f3147bc86d06cadfed19,195
a968ebaee95f8a701675c849c52a57f7,現代時期的開
dfc9aa55b7b021f3b64b7efa364df539,在
49152a557b76ef8b4d5fab4ad475c099,1972年
1a67c3dc5534065decb3c614afd97498,北萊茵-西發
827cb2aaccf0dcc8e98ee9fca764b8b8,天文台在19
c78aa6cc917d4aa19046643e81b7217f,中國大陸，中
ff970d65361d8d0d27c58faaaa6b6c3c,國
ed77998ccae324079bec3ffaa3264d77,中山市工業開始
1d65a37428075f160a05ea0e988c83ca,佛教公元1世
9312533e5a6bab62aee49f8288dab1f3,五月天的前身
95654adfc884fe680be807a11c26ee09,文人畫與花鳥
25602b3f0f4d51aaf36cc22c026728ba,16
c5b8e4960b012ba56adfb513b59f8d71,命令列介面是
46230a9ffb7d73009d7579c34b82c5cb,1962年1
0645fa5ad6bc9df39f1dcc802f0a73da,遼
588e267759a6dfe2face26224cbae3a4,聯邦總
a0c27d0a693ca1010506ae632d4ef4ac,在推出五張專輯
36896acf5e5dcb49d5d1d0d8e20e0a7a,總
7f450e107e59d70c473bd97c86949bf1,現代時期
66690fe0fc36e4f3929e20234517583a,2
e7f28aadc33dcd3606e372ca338a87f6,中華民國
16b36ce9c3d2f1697d931de06c5039d1,依照憲法
4702e6eda36dfe7eb1681ac6f2e6e3d7,硬
2c82cfd818fd865b9da9308f114a5c3a,所有權又稱完全物
8e1886ff4b6ab8faff5e1c46192e59fa,1985年4月
f9f702a11ccb87eaf1a25fdbc5fad2ad,香港獨立
b8ba6241382b45b06b0cf902f9253e9e,現代時期的開始代
100364e2f6d21612bd1294146e44b828,民國時，仍為
8cb89b025776f86500d42e0ae1aff902,所
2ca5ee1ba0246a4387f938a61b531bcd,瑞典軍隊由
aaa055dd720e069344a0dec15e4d3a1b,顏
b89518e2959183cae017b8d6dbb6f111,抗
6e86180ee6e765dc8301b0d15dd2c582,心理
daebb835dbe55844ee1f9702705c077f,作為日本的
d39b92d1bc7f2a2375aa1c98efb18830,亞洲
96959f848f5ab81c8196b201862927bf,耶穌受審、受
b770975adc67407ad6079b443f0da102,在學
9224795182d6ed00e87f8cfeca1704e9,列寧的馬克思主義
9b95ea96edc2ce4d5f0c7b66e6aabb0e,明朝，分
7a3e9a157d9ab3869a67a1f00530e75f,聯
b7a34a9ab9ffef3b765e3f27d153f6b1,烏克
4e96cf0422dde90939586c943bb1404b,中國
c46b8c28e38b26886b7b37272d8ee3b1,根據178
127714067d88c5ff620ff29b11754822,1972年的冠軍
3d7e04b732bc6d24bf7a5fb8447a2944,神戶在開港之
a2cdcf7c4fcac7d674e2529328f475e5,內閣制
fe935be6bd6c7a5825cbf8ab8cb9922f,中國
26b0e1722d16338fe8413f137b6d7cd3,二二八事件是
2874094dfe6e3452c88d6c95374f904f,健康計劃是一個
5f9c59205fdeb98aabef3c3e9493ed88,足球水準
84fae0aba6b6bdd62348375d7b2deb6e,林
05cce511639202070a31509248e5c720,中
2069529db37824ecff35a3a2cd113ed1,心理學
051350b495b31d7d16a0358dcc9a4332,中西區是香港
a72804b8c27dc090e7c691b1f6771726,此時天
a82e94ef4a5c30a34c51ff6274c53a87,因為O
f4c39ae2abcb39187bd7b3464c5b12a1,儘管
fc28ac559a50f9b17b0409288af25ef0,現代時期的開始
3ab22e8bb7871dcb23b40c4731de1f24,中國
6e82aca2e8a9339fa1726a4b124d768a,現代時期的開始代
4fc3b80b720a8889d11fc254687aadd7,經濟
11d5612382f882d508913be833a71f77,樂都區是中國青海
06928a11de5507e5ecf1ac06e0550b97,毛澤東，是中國
ed51f1677af62d1b1bccfa6ebf73f9c7,京都的四周被山
a9d658f07cff02dc4a96b69ec26e6df8,近百年
2b789bfa25607d21b6c689529860bf72,中印邊境戰爭
7f7e1d0e839c460b6b04ced85ae794f5,中山
11377681df5373981d75dec7ae5adad4,世界遺產，是一
e64eefb56e4dad98a5dd91d5d7b69c71,全
7d571183564549684411c91f395f83ee,依
55198e7a64bdbbefcd11a348999c3daa,開發區
dd3ce463bf281d7142203fd360e705a2,詹森
ea4b62fc2ba189af7a60efa65008aa67,路加福
c2d8ef6eea79cfeb1c32a3a25f051221,最
4b9a5b0376fbb40f23b6374cb802ac9d,二二
f9ba4b914c86b8e1c9cd02e7dfe18f43,耶穌
780e4953bccb557e1ef15f789281d213,如同每
206c92339b6f0bf93076eff29acfe33f,央視網是中國中
40f08b85876b60d7a9b3a6be971f24cb,儘管老
5e457ad585ecba613996791e36126f4b,中國郵政
84795a270b05eeafc4a52c78ee735d29,嶺南大學理工
c2f68fc4d918dda38417984f7cdc8bd0,但世家大族本身並
de68a643fe61f3fe0b77ff919d789122,列寧的馬克思主義
8aaf097dd8f6199257610800023fdc00,為了對抗
fa1cda78525a61de84178975f72396c2,因
5bab6ec659c0169ddfb435663735f289,戰後各國
e9db118176a422307a9a17e3feea4bd8,原
4372f706244b5ec39f31b0ecead646ab,麥克斯·施蒂納在
e4a98013f860d29925fcc0b72653621e,如同每
4a6dbe1988610a7467e9969e63632fca,中國
ccfbbd426b9c433c698f6e31795b6a4a,中視，又稱中視
ea51859216f952540cfa556da57ce53b,開發區依照產業重
7ef3bfdbbd59c8b00c90af3c90f92d52,1759年見證
97fbb705bc7787528395ce3ca4cfe6a1,1945
bc3dc7d97f85d8d40d480f188915bb1a,金鐘獎是臺
96476b22e6986e08fe0e8dd23313a998,奧運會的
b9a4db889e6116cc88137949769ce5a3,183
340ed8d7bdf20a9475335b54a1d7cc42,選舉在17
bbf767c9dcadf1a7e4228f5aaf25e06e,半總統
2b3c96c298e7de1c0bf31e4fb2e0d399,自明永樂
a0edd651465087502f55e98cd3987cf3,關於《詩經》中
9e486110bfb7199112777395468efa93,中央廣播電臺
0dc34b61057f3a611faceafe8278f168,雲是
06999c13242dcec0b8c60367d6e73bcf,鐵路方面，
c202b1a11897900cc70ee7242e0b69ee,中世紀前
ae3ffab3257613e8a37d85eb89644140,上
2e171bc6a99941873469132a5d093821,抗日戰爭
3ebcbf93d9d4ffd0007ac69641c699f4,AT&T公
c45ad0f09956f5c01ff05567489e29f3,中國農業銀行股份
d4e7a4e2d2bcd6fc7f8ea64ee6444b56,國內生產
4f6be10545782b3dc1b48666a1b30399,中共要求民主黨派
8cf54461a34f94d597fbfa7d24e9fa3c,亞洲第一
eb4870ad1775e239bd3b5e333fc71a5c,與此密切
a7937fe3c392b9bcbcea3f6bd47ee5c3,西班牙人首次
a57ff785f6e2317a00597e160ea40c0d,隨著
5cb844a3b202f0cd6a62bf997d80fe71,亞維拉
3caa1437479b15dc943d7147949679d5,麥克斯·施蒂
81565b4e3c8d654cae2578e74a4b3128,抗日戰爭期間，
dc76429b7294b4e6308078ff7f373363,1916年春季
5f367000ae98eb3e6f59f56bea78b5b4,劍橋哲
997f8c061c001175073157a710b8070b,在他1962年的
0d77c2a72e09e3c9f91761f03c5bb23b,中國共產黨對
f900389274f503954bc4722f807bed81,2012年11月
3c2acdfa94d4583bd88b1b0b8f9d5bb9,安是法國的
c8365780c13de35acb39d4586d83832d,基本上，美國及西
405d78e3441b82c88b26440e303c3436,中國科學
1d0514324625f925e7c56733eead2c94,現代時期的開始
2d42edc3690da52361eef05a1768d00e,法國最大的城市是
1b0441e339427bcad6cd3b4c9897bd2f,19
bf97165e08f8bf3b20c9c4b9371c8a68,201
899f8f9a89e1ff62c26c7affdd423f6a,工黨的領導組織
bd13f087933e6e37619d994b552c9c3c,耶穌
c96b199ff18a3004e9ec397ce41fedaf,2
af80031d279a4efd1ec6bb1fc87ba681,1972年的
194a667398cc0f5aeb0dfa623e5319a2,國內
49578ce94283cf71aa962d0842611645,柏拉圖哲
438976c38b6321c9ffd6b93d4c352ced,從1
9a26ff6f3e827af9bdbe9f58a1a8eaec,耶穌受審、受難
4b9c3a4b71da4fda520d785521c1dc99,亞洲的中國
c19c3d7c5ad3fcc7f980d8fc78934a06,淝水
02956af18eaa40adc76bcb4eb13a198c,政府是一個政
cb2c507fe54ba895590ac2b0a452c6e4,中國國
5a06aa814e07b49549dd65de734e2ad2,1972年
a0382b30f8f2e4bbe45d9bbcc4efa294,《四庫
c82d06bc578aa442c5db84e203f0b5ec,神戶市屬於瀨戶
ad491c130079338c03b65c1e8e3735a4,中美
df2ba2b055b6e2603929e32b1db87f23,日本人投降撤出
5cf64b227a16dcaaa1c70c3a792e97bd,笛卡兒的宗教信
93c2161707c3e9cc84c1450f5dbeb013,中華人民共和國軍
94279fa803956ae119f9f14da0b6c443,彌爾寫《論自
3fa8fd142453093c09cad8cf109562de,中國足球協
11dd53f52b4f5765db5ee8e611c2099f,國內生產總值亦
66a06b7936b7b42069df3bf523feb952,中國人
0867e9089f81ed6f54d2c3683e65853e,央
32b006728f82900cc59c587699f369c9,法國
c048334c44a61a52cd77a848f392374f,三國時期
a9d31a28245b12e5c3326097ae8ab599,義務教育指政府
e43a4d0e0bd17d57c809f923a24a83bc,中
ac738803e2605d6fad5f827ab66a060f,為獲得停戰談
efe495b098f4dce39d3e8e8d0038eb98,徐州
70a9134e9959658b64c804dba1ff5483,而五角大
e20aa2e04dab8a67882ff1ec5f829c7c,中央軍委
41274c5c9ce7361aa76df738dfa92dff,政府是一
d2afad50fc03dc92b5ea493734b6bb69,1965年美
4337219ae501d8506482f6b9aedac4c4,舊金山灣區，是位
46ec573b8c8d9fd9ae8fd854d8f1fef0,烏克蘭族是東斯
253a0371af7cc7e24925bd5afa3c73e3,世界旅遊組織是聯
16f6aa13e227962c8b4a57125f82300b,專有軟體，
c576f3b49fd2225b6e7463c31211af45,漁業泛指以各種手
6242f14d127f59b230814ae5221cdd24,從南斯拉
2e7c38a79e99552af38c3adc2c280526,隨著解嚴以來
b06cf436cab1474dd6a99cc9ed2c72fa,神戶市屬於
68b1b5b07fd44788dd3444360dda7a0a,蜀漢南
2d523b909ed5243ca88746f278a41767,國內生產
eed8ce027bdcb1b6a5a003b315e51cc9,中世紀前期是
8969e686dd644abeaf55c6822bdeebca,為了對
50f3d77fd28a64d81ae3f7deccd569d4,九一一事件在世
bfd85b39b74472b29f175192a693600e,1972年的冠
eab4c1d17668f7f1a965fc931f7f3d67,所有權又稱完
64e4e61b1629cf5c803f9dda4233e256,古斯塔夫·奧圖
94b3db0433e689f8c3deb96c6e4f535f,1971年聯合
d96d2f6d063d1e2a32b36cced90d7b2f,政府是一個政治
56e2def7462df21ec6d192a864a7a9c0,大學時
dacae5465e380a6a0ff98e39e994798f,中央軍委
b990c632f0b3b2fd29d42197bf26b370,8
e894080f93f5691374e6e0347e12c907,所有權又稱
24c642869583c8fadcfed8fb6e87d669,目前，很多文化
d96eeb7426901e12be6a50731aa59aae,因「
c77be731006f5cb98ce213a7f49d24ee,女性主義
6a4f524723a9b35f1f1b5c4937ed1cb6,中華人民共和國
69c63ad9ba533e35898e8c2542c3ca47,19
ff3e476f128b1b95c67b65d2e882908a,臺中市區道路
0402401e1286c1583e354aff751f3dc9,在印度的殖民主義
40a34bd7f9e258b937c76f84bc11c71d,徵兵是在
fbf85bd2ca457ec2e0b86ac3cc83d430,上海綠地
84dcd5d2ed5dea5e7b94dd72fa3aed48,在冰雹雲中氣流是
3a7cc8b7d1130e1c9e6a5194f891d83f,1930
4b040c168736f2eb2b19790cd1320193,國
6efa0beecab65dc936be685ba62c7f9b,小說《
0af3bac229d67eee8888f28754e1c092,法
4507295994f75e4a22971d68e6b3338f,有三
edb0f107717d53d20668bbcc6fec99d2,九
1360e0d6188cfff63e28172e132ba3f1,顏色或
4b4611f8adbb5010d974347d30a1ca42,政府是一個
7a40909d866799f52ea504d2ce36dbad,聯邦
d2ddb722929cf283e71931323f9875ae,1896
e5f6af6a4663bc72b7deaf8e843d22c6,世界魚
da057524bb246c484fd5529b4536170e,笛卡兒將這種
48f5c71c8cf57dfc1fa22dbed04a616b,中華民國總統由全
10bfa832574fb7773a6db95b719e40cb,經濟
6c51887051aeda62376de150b094746b,九三學社
3590df35ac66c15ed0b3eecc3d1efa72,國立臺北大學，
eb9e3d36bd8ba931bdc6ba36787c2aff,現代
c419c801f4b801bd60f73070e3fad2f9,佛教
c06057ce578ec536e2bf87e720c8976b,另外，1999年
eda4662942711fcc9ba77807041ffc70,在英女皇代表查
6bbb4dbfac6489752f577be496a1627d,心理學是否
c9c03177bf0b14424bc8b606a9ee5e66,下薩克森邦的
0e81e0b56b630fe85fa7262968aa9eda,許多自
cf65be7e269a1cd0052adb0759ca2a05,議長、副議長一般
27599b7fed13006a213833249d320b7b,銷售時點情報
d5171919477832494e86b7b756dc80a6,如同每
9169c7c780cb7ac22ad028cd43c14a82,徐州國
11d541ad0f7360238f99263bf7b137b6,色彩和色調是繪
5755061d6f4157490e52702527f4f976,政府是
3e6dfa9554c5b68a3a8ea84340fcc480,中國科
2540d5261875a23d88307c536e90538d,開幕典
ae3df2a2d9bed58c741d7021d750781d,心理學
75442391942e6e45bd03e8c65255db85,二氧化碳是
640bf59ded76615b52089541c4a247d2,19
25b7fdf47cfc9701a9ed0f519d80cb84,在生物
59a566430e03be0e98d630f30b3996ab,290年，晉武
b7989520f18c8eca2610a1ee70491a82,Apache軟
405de304997b906d11d33f2e1cb38667,元朝
97595fc325663e7530863c1079e86eb3,2005年1
ea04e989ee5440c24c3bb67ce83e16f8,現行的國民教育
4b276e87a489c42394131ee25fcb9bbf,工黨的領導組織只
812dd1011fe1cda1ef29825e9949d0d3,現代時期的開
4972073e47e229ce09547c670448fdea,日照時數或日照期
8114b951626f0b205886010d86ef2359,中
89d90324624ca0b8f176f30f57efac95,因「鄉
b46bfccb0390312077ba3015d1b38c83,臺
32c5fc0c006fa12803c5167761aaf758,無著，著是執著的
73921c1a97d35b1141aeda0a443e3976,上海
0e52d635889b4d7417cf8fccce47d1aa,九華山文化底蘊深
196f4ef05fd6d51171acf7ecae9fc76a,1949年第
8568fad285873ed9ec62fb7030796270,中原一
42615749e1477404716c01a416e332d7,開發區依
90e56696c64180eddd22480f113381ac,盧安達的國土
c6e0d651f62684205c1ca3787ace0cfc,國內生產總
6c684541cf3228d4751db52b387c6000,小艾伯特·阿諾·
da70bc8a4e90be53be5faff4b665f20d,由於海峽兩岸
30c483c6cdeae6bd64c27733e00ff992,普魯塔
a3e20a9a491cf42f0e09efd18fd04b40,史賓諾沙認
31fb3b189fb42f7c323a8e05e8073183,Xbox 360
05a40e46ed284a3f2e3550a98b014611,除了太
24c87379e871ff98618dc1cc50b67b38,從194
1c4d712dd30864fd9bda1707bd58ba73,目前所知有
d72404ba0d4b2487073627ac015315ad,半總統制著重總
430622d2faba3b97051791cd16c300e3,吳軍以舟
562a8e27640913960baed0c3d4688503,伊斯蘭
37396f4ab5dd4201415a9cdb4a464edc,臺灣跟
a2b37ca7f93d255f7f895f23c2c51174,馬爾庫斯·維特
971f66dbf4608cacbdf48c8afb8e389e,命令列介面是
b9c3bd5213f13c74bebee2ce56714161,29
bcc01e758bc3e7fae9b3c6452440f760,澳門，簡稱澳，
135388fd7cad6b8a83b23d7f8b1063a9,健康計劃是一
d5b9bb1e937cb36620dc775ad5ab31e3,198
47afaf5c83174e6777025a564d7da88a,中華
3ad8ee8ef9dc98c05bef9d9a1326ab14,1
75ee2e06e800ca37df861c8bbafc70b9,選
13d2541bccc490ecde662c73702f0937,由於中華人民共
9631d285f79b16ff610d4eb93f3e85d5,隨著解嚴以來政
fbbc63fd8e779e5506db8592d489dbe3,通常情況下，處於
3e68c0ed9bca13ecdd45358582e47419,從1960年起
a0ecdf501af6e129afb52d71d73958d1,咸豐
9bf92c32e8067e2103de169b6dc873ad,馬爾庫斯·維特
c2da38d6ccf1ed4f950ed35dfaf80f3d,笛
69b4c570ccd34dd213a559240662b91e,普法戰爭後，德
5f3375bac4117f20e293d895b0bb873e,為了
24d17739cbd7f490f38362ed95ae439c,古典時代晚
6ed2c0ca4c1e3e058857224988d41e76,央視
9a53fb03ea6f726825f249b121889572,在理論上和技
d35b556d0497639924976e5ae87e9eed,中共要求
65acdb8a2e5bfc6a9e61317b95b1ec16,麥克斯·施蒂納
db9d28787332f5efed85238afbefd0b8,依照憲法，中華人
c64de70e88ffc47052dc87e6de79f35c,2016年夏
bd641c3b29bc59fa872f345bcc4339a7,拜
e82c3bf9af5298560d01cecb20647a18,到了1980年代
24ff17200b748a5436537a5e3accd7be,在175
d2660b31a630da4e8f34e97af998a13c,自20
b4354a267ce0611b556933ab6e559116,延
b439ca58065092ce3687a823bd1f723d,江南運河自
3d53b8d8933c363c9f0aa9521d5c3fb8,根據《中華人
3a2c4574fe1f474b3d274ed34abf9d88,《後漢
3ac8a3ec9b83157efd1646b22131db5d,舉辦過夏季
2ac67fe8f63e763e9637216aab3ac5a1,二二八事件
f773f7d2a0f20ba9fd2ee400569270be,作業系統是管理
f7f743fe6ce03b13137e66979179a414,笛卡兒的宗
9c6c6f24e3533fb314d4576594b2a107,柏拉圖哲學
4f1ea174fc935d231e6238b8fc500f69,《為愛而生》發
e36ece0e49f8868470f30a644ceeab10,為
54e8847fd3735afe2412ee5fb60fe90a,1972年的
7f583d69b349e77a16624e8ee7b5e862,中新世為地質
c82c3b7befa807a10fe647c57b852bd0,如同每
c440eac47c412f33c66a0e9ad75ff7e9,儒學
f85d687f794b0015f46afc42b8c59b9e,心理
6a312df3c5a76a3f113bc8fe6a37d045,史賓諾沙
c268710e9c6b73ec08a63c08feba0a56,1
d93c2ea78105f17ee25b4f9f7089209a,卡內基梅隆大學是
c26cafabe65ab9d25768f7522cf3edd7,由於網球比賽的勝
ddad1a9e55ad13ac64fd664c97b9c12d,依照憲法，
79ddadcb2c3b3ffcd8b5da2b9d89913c,列寧的馬克思主義
5c0fc3fcf51f0e29bdc8b21ab134f749,1979年3
e13e176e559de92331648b549b946760,所有權又稱完
9227607a11a9964dffeee347fe0468b9,201
0d33bec0306995f2171962549870f0b3,到達涪城，劉
78cee3c616538684bf18fd0e59ae1fc4,氫在不
4b8396c56a02a0d9c250aa73e6031121,201
d10e3474ffabe741760cccb9a87b8c18,亞速海是一個陸
82b29af14f8cf2bff6b7e63a3ed6ae5b,《後漢書》
d461d53350bd65d6bb62fff542852ac6,香港實行行政主導
812f5c1a39b5f8cf022eaed89d334ea4,1925年，主
4562a9349d02c15e00c824da8a216f67,8月
8bf1dab1e8aabe25a0efe7377eea519b,半總統制著重
c82facfd52271bc925a9252f1d442081,現代時期的開始代
af5ddae091062de09220c8f10469aaab,在歷史
fdc8807fae9001a0d033912479dbb5f6,臺灣
219050131084d62ab58303788820b4c7,鄂圖
4cedabcf59c9c740a83c68817fdc24c0,曾被
bb33649c27706f0841ab37bb13af60b3,現代
13257d79781305846aefd2d7b4b40630,19
ed739b27e2de63aa96d0168ac7ddf4b5,現代時期的開始代
7a00cd0d5b78c96de413afc9a74d9e69,19
927757d6a9a652e68d30733789f64068,政府是一個政
76ffd0b492e408af578696dadd7fcb82,都柏林屬
eadeb841c1e6196503fa5f0097e987ba,在中印邊境
a8cc5bbe8213895e3296e778e08f4282,布魯塞爾
6c6e8b688bbf3bb76a637555ab148753,命令列介
1a7b78b7be62954026e1cd610e2ebf00,史賓諾沙認為萬物
b33c1f5facce8df7c38174210be7b125,駐港部隊
cefaf831fae85d8f8229cf0c7f73869d,亞利桑那州南
e6998c0ccbfb359ace469e943f7b9f85,智慧型手機的新
fe978afdbd8121323cd6d3f94571dfbb,烏克蘭，東
f15d1332504892f87792d412eccbc593,笛卡
65fb98a05c88ad483e0a373ebf352073,過去
a44c319b8f787d2cdca641aae4a51dd8,三十年戰爭
8d041c800f4a76469d95146ea4ef3e12,佛教宗派或派別指
fa330a4c83ed8faa8ec0996a01d9ccec,戰
473b462d47e7729396988606f6105557,三
0ef9fac2a2448182326c920f4aee50d9,網路遊戲
a50e331c2e2bcb8feb88a2fc7a36ea4a,議長
0de43ca53d6eb34b545463fd73edbaa0,中國大
ff0b9eaf1aca915247dd0ed33dfe9275,現代時期的開始
e14c4087d5c9a48aac94071d04d5ad88,北宋時
0e72d61a4c08edc5c144c3f70861d7ad,自
f3338570fe2f6ce434bf50bf2e3d9424,華南理工大
ec80ab775e6d3a16cd27e78a1093827e,中美是一個
65c990c33075ed51e1a22a3cbebc1f2a,全國人民代
e9aba0da09e74b1adc70d8ca5967fa06,小艾伯特·阿
b3177540f29773fcd120fb9d0d8db33f,中
ca39a37fab1e30e1d0f75c8460123726,現代時期的
476175a2fbc2077011c512275a34ad95,中央軍委國防動
3f411e15e3a5b939cf7b152a49a8d77a,中國國際廣
1c7c3a1d236a5571ab9a081d2447b8c9,笛卡兒的
79e88da677588253ae5b7c5c42dbb4f0,上新世氣候的變化
bdb263ef65adcffa40bae17b29ee88ed,俄語為聯合國官方
4d793ef85f092ea44b1c7baab0a5ade4,中原是
fc95837aab0428c718352e4411090285,此
8905f340916838322cdff7e0dc43e955,在
f52400bd0d144aefbd02538a20e69f6a,1990
e92e5a50063d81b690190348f9b1ff34,1934年，世
167e62bd538d824ff14dcba091f1b76f,命令列介面是在
d38f7487c1ec890f679c358d36aea045,亞洲足球聯盟
abd96ca7dabf33174fc0cf56a97da88f,馬爾庫斯·維特魯
3825410c17b24a3732917bd03f7a7e52,麥克斯·施蒂納
6da85aadabfa94f5b1f502af8a2bdffe,現代
5c3a5f7f88cda62ae1bc9a9869bfa02e,據《往
34e4ecc2b044aa466323e0c3c05b9515,海峽兩岸關係協會
f11eaee1e36cd91d1f58817dca1436cc,有調查資料顯示
647bf094784076d47c64afea340112af,東漢
699e56fb3e7e6bcb42d47ed13bb6f0e7,二二八事件是臺
8c6e63988197527d7c76f31dca66f926,笛卡
5f8badb05180e9751aafda2d629d1631,《
6a74cfba87ead13b0a6d5d316d8aaa6f,戊
fadc46959b862c6eaccb3c8d7e6b32bf,值得一提
e9cdad24c6766187d60eaef7608670d0,抗日戰爭
978e1381d0f4aea9ebaa930812d78462,1984年，
f28c8b04d3b23f2754103b72072e3472,民主社會主
8da8e30654b68b2b223f9e778e5ad966,199
ce42609d663ec87c5358303d605d5975,香港教育在
7d6876de5019c66a0f49695915b8313f,中國
1c41bd04cb52c34c39f59d181544ddc5,下
9fdda683084fd662146f14974edfeed8,紀律嚴明
9a0678f9ce8ddeb4e20a93e592ffadb2,西南官話是
489b3726393df2217f275cb6235df4e3,1949年9月下
69e7446f15d087d34af7d53669390eb9,選舉在17
79f9f0ad5e48915376f399d1e639f6f8,但是，
e3ab493a112a5a653fdafde55caf661d,銷售時點情
7e9e08d5da802d2b07b6dd39f08f49c8,所有權又稱完
1afb1f4d588872238dc85ce22f098583,二二八事件是
5cb1615210e2d1bc882d027d512406a8,柏
67c6463ca5a7c72dffc1e5a43639cd54,宋朝時期九龍城
15793583933a29ed97a2e639b868835c,1972
43265741ff12546ae4f8eef355c05ef9,1927年北
73ff163c4b14a98d1282bbd289946d85,大學的會眾由學
2b792aae82df41af5c29a1bd36077e93,中國當局對人
62650cf6acfa95a3bb79d3fb06e009e4,最後
7e34ba2d8074607c3920bfe4d9027a56,半總
36f2a03f62de1cca28ebea375a34b00c,第二戰區副司令長
b004af9c7f1ac0c360ea96722b409a40,國內生
9cccde96a44d93c28c9a70c94776a23f,漁業泛指以各
ce3c6133088118f71aa0c3b692787e4d,中山市是古
270ef679fb48d4d6be3d1b92bf7dae33,專有
66a3804a2aafc05916d27abb24aea5ea,其中在
f6782e588d1843cc2e8c217e3f137ba0,1928年11
db98cf4ed0ecb496c3a7cfba121a4b8d,現代時期的
544889d046476e23aa9f83b94db29060,依照
c9bd487f451e82fdb7b8ef3aef2e3d9d,632年，穆罕
186bdf08dfd6f1fea05fcca8f21d81ce,亞倫·斯沃
a9993542d57b9935a9c025f41279201f,為
0ede69032b4b5c22f73069630cea4703,小行星帶
67e6ab53671c16011ed510f6e689c13e,開發
2018469ef21e129563cf5a7b89adc4af,其中在《中國共
2e5169c9252a357de52f4c0e19f85dce,小艾伯特
9699300393275e48b91bc598a91129b8,1927年北
ab4d2117c32e19ab5b84742b4b39ac17,夏
23d25a8eb7f0c855a7a87ee2e77b54b4,隨著解
c4757b93610ace3358f78218a340e0e3,《詩經》是中國
4e4ab7086df30f7141777ec6fbcb9079,由於學
fe6caeb1c5afbd9e6a23592f812b7852,中
b99f7ecca8c9842a395cccb25770a823,現代史
41c27acfd9e57eaed6aaf7651937df6e,在
3f64d382670937436457998184cde0aa,臺灣的開發是由南
b5d2921a6b34d9149380d8c6bb4dcf28,雲是大氣層
8a4782778cf0e735eeb0b997b4ea815c,由於海
122ad9d2a6ca229d9577b7ba336d62a6,中華人民
c560d30707b9b43641b92c054e09a29c,武裝
70895c19fc86fbd1f526a2c8992c0a23,下萊
32d49d1d3ff62bc5c319afd47c0e04d5,121
2476cd5645304f369c4b9a0fb257367a,唐朝與東南
91b784bd4b0eb9bd0f4cf7bb157bb837,為了對抗軍隊
9304d831b97ecdeaccb0f2e1e86e1188,中國人民解
868a02dde7a248ad5cd7fdf85ee49122,現代時
ec744df9df28b7995c857640fbf12fe7,笛卡兒的宗教信
7d3b71a13e3d7aadf46a5798124a9659,在他1962年
89d9962a080906a951ba557def38dee2,瑞士的
70d828325d476fb4ef24f96a1f5234c4,1972
411a605d2d234bd48c7d0da2ef71e6e0,隨著
315c3a2f95fec910ef93fb85844929a7,在194
2963400f2e068c6a4da5a35e0b7d5760,國旗
af42cde5059fa2f3c6e238f4786998c4,中
5a3bf8c729f6f4880620eb9fe82a92d4,民主黨派，是第
f4486e95f9c454368e23a705bd851739,科學與非
eaef269754aab12f8f13829f57e0ba92,臨沂市是中華人
6a754e51beb70ebe32a058da726fff21,心理
252676a84e91082f9881513981d4ed99,1945年
792b7a4e868d3732c2b188c7ea6c9a2d,抗日戰爭期間，
6b8c59fef38167a838dc05fd79c98ed5,主教座堂，或稱
796a45704726d58e7f59f8c0482eb93c,Xbox
b134201b69db451faef6d18334bea8f3,耶穌受審、受難
7ff1b6dfc7d57d577a18f205b831746e,二二八事件是臺
c0b5f25d8284abfba957e999b41a26da,根據希
3a359b3d309ecc437874a7c1152919ea,1928
29c364ef4ae2ae0fa63c563843a34532,法國最大
024ea824bef8b6a8c389c4c9f1f03705,1989年1月
af209c2c2c0afdac0e0b5848142c4812,可
8d91474c34514c47f81bd9a607b4c108,中華人民共和
dac51e68af9e884cb65bce28569f9f68,中山第三產
53ff4d2fd9baad830122df581dd3caf2,現代時期的開始
c9ddb8cec57258adaab8c73ff157066c,日本的京都別名
9ded6e6c5294d578c3ad1fe1f19a5997,足球水準較高​​
ee0087fba655380a1403d4861a2021ce,在臺灣，
d7881d1c8097d5130a14daa7e0a3ff49,不
ed203f1ed6c994d92d9b340075f5af50,政府是
1ee7e3b3a6bd4e61e123598478c3d4a4,191
4cf96c24d33146a654c48601734682aa,192
a66aa098492c1f00955770d665ff5e97,當總統和國
25820b63cdfa13131227800624bdbbac,網路遊
33f45a0ded06a67e2f2c2279e3ac03a4,中國中央
73881ce87489b6e6a90b6d829b8c72ad,19
ea36266d8538adbbdf8d66be593bb378,直到近代
3cf58c960be445fd07296f31eb5d4299,1999年1
0ea7ec62384caca7562044d01d4c9678,東漢
da5214d3871f9a5f3673ed22d978bbab,1
ee77eb4460356bb122ff23f6490cf6e1,直到近代海運和現
4f84ba42417b4ae7875b9069682097a7,命令列介面是
b326dbc085d58fd021da31d9c850e7f5,19
f181337bdd08afa0dce74d6facb5e5ef,電視機簡稱電視
ee44fb9c5c7876e464a7496ebd3a5a10,在歐洲歷史上，一
168365ac4bc0f9f503992324cca2899f,19
a85e63dbfbdea31bc3ca80f87431fcaf,於2009年
a5674c56a3155eeb5b7b48295a95a145,現代時期的開始
8bc98fa9dcf2bedcc81a2e1ee9f72e4d,現代時期
8c95966e4b0268fdc9f813e9d9a4bc70,儘管席哈克
54bbc1b73a44855620cdb6b8462e9f26,葉門共和
442cd7c9abfd7de1ecf8adde040c00ea,中山市現在的
da15bbd31b33ce4f0acc9f74d9579fb1,現代
f9d9449347bfabdb4b9cc34bf7c00b61,貝里斯，中美洲國
5d313401bed61ab7b542e8eefe691084,19
79341d706b3de55d68be0b4053469eb8,古騰堡計畫，由志
9f61c9d8e8f32832d0f30d799e53965d,澳大利亞的高
939b9187fe2405123c23a8d9e136d8f5,2009
b608416fb302e053fd70fbdd44d2b75f,《詩經
14a943351c118bd9ca25822b8320e097,上新世是地質
3bf69a4fae3219fa50c40a80a870186b,海外
132715f4d4328f7485439c2c8f8f6cdf,九龍城有「
b5a1de3397bdc45ec382ffdb7d0ec50e,通惠
690dd2e27f6a99a0ae119d3db90632a4,水運交通方面，中
25f596cd59d5c57e4f6bbc1e11868864,除了太陽之外，
e20a7e9f90b19f9a5193b38be8143b86,195
8d22f7332a052b27232c3db36a344772,國家或國，
088f4ea34a040ffbc43c9fcc65666e62,在中印邊境衝突
0f337e5a39cba8c3f609c523c5e429d9,現
225770e76ade5e35d04a7b2855e0831c,311
e9e824c817d070214618d8d097ed0f44,司馬昭
e29a2d90253745515604069634edafd4,在
4899cd87daa92fdb596aea1ceb55c313,半總統制
911b6388db2ab872bce8029565eb5110,中山市的行政
38ac63f0b4e993be17e9317bfa186522,1979
e3f3e8acf9dc300368852d967f161afe,聯邦
018648e29ff9cfd526288789094cad9e,瑞
f818a0f2f6e43951a6c17dca377f2684,國際標準
ddb1fe6221d7061f6389bfe29d268d7b,中
10dedaf218c9436c894402d6c4fbb481,心理
c987b3409879a47fa009112f0047d919,《環球時報》，
d14e75e081b6732636c29b6ae744d18a,麥克斯·施蒂
b300a1b54e982a78cf7d16d1f9d293a2,腓
f8eb2fa67d9c8d3e39011d6b54fc632b,史特拉
d16e7c5431623126a8775026e7958989,開發區依照產業
db88052e73eec0723826020d4567978c,2016年9月
dfe86a3f6adc27ca8948d16076304496,臨安
32c918043f8ad4838b9fe75db6c47dfe,下議
52630462bd6b7b09597833a6bcf30b2a,笛卡兒將
5a97362116ea0cc2cf40a425f2affb3e,中國科
dc9000e1d61efe037f7709119456264e,大
e8770540bade6d35f8c4edc401898e9e,如
201539a867ba5711718311ece94479f4,心理學
ab1fd5ef1b8e2ac5ba115e6889c19dfb,卡爾可
43a13ce3954026c8f2e275cb5463f368,因為國家隊長期成
de0ceff95534b5f7bb74addc587d097b,國內生
7352b590493abc8ce708814cfae70580,從歷
0a667d43f6f1f013e281add09fcc4599,儘管
18bbea07d011072bf197b9e33805ab15,聯邦
7022ac707c7a3641294d74bd67e64adb,所有權又稱完全
472d4a5734740635ef1d99c13203e7d5,中國人民解放軍
77d86c7b8c703204b3357a10e1481004,197
6376835b551c48de84b3d3ead8cf849d,戰爭爆發後
0a0bd412b84a673a72bec31afae3192a,戰爭爆
e7b6440d857b129eddb8f8f82966531a,在六四事件
1afcdda56acdc3b7cf388d7beb598168,因此英
5207704d4b071a3825c4eae34239d465,在1979年NB
032a53e58bf17fdec2bdddfbd6b732e8,《為愛而生》
1171720362f83528c4445d59054f6ca8,為了對
37006c9e5a502bd183bc205648f43cdb,美國國會201
109080e608a39e67d2eb54a0505b3983,中華人民共
16aac2fd7c8a1c584a75b63d1142d53b,人文
746985b29ec0af8166ab66a1603eaab1,世界遺產不只是一
12b6ddf2bf52b04b62c0818c9c4feb14,中華人民共和國
39a50eeb88dc0601d4c1529f22d66698,選
62c58f281887379bb9ac9de0bd817517,慈禧太后，那
1f35fec4d974d4a79e78d7ff15587fcd,心血管疾病是全球
53e16c2d352119430e47c95c15498a31,2
ac8f578d9cc0ccb194e90d23afb2daf9,1989年1月
8c29fa928d1852488bdf4c2ca9e4b768,魯運河即會通
0d10d6f12502df000b2393569e7b9ce8,奧林匹
d64f4028771fc6fae7914a997bf2b343,《新約
b028e1451d875fdb0b10e824077b2a0e,在從前的羅馬
da110230e6ed41f536d78779498646e9,交通銀行股份有限
606256ff910f5f2d5073913e0b8752eb,在印度的衝突被稱
82b3d8f045e2a3ce3739109234209808,在6
7c861acfa59e8d8212c274b259b7f427,專
2f1b22dbe038caa8ce62f8671f708786,歌劇是
418938ed159760c9407ee788640e03b6,半總統制著
50852e82e93b7fe3cfc3b5da8226462b,現代時期的
b1cb207600fc3fbef99c0f8cf540e46b,心
1f69b6b04c17bf88e9ed712d370ffe23,儘管一個物種完
6588c2e2364b7ed362df78d1907d123f,市長
c44f8a1692be1be814790c8c3292f2c8,中國科學技術大
df7cf2b214900f487050042fcc97c007,1
f7aacf3f8e22d4b6547f9aac1fd7b357,智
35d59d605f48019baf747358770b96e3,為了對抗
d3ad63f1f04070ed43b23e750761f31d,現時的亞
884579d02111fad8d137a2eb3060e16b,法國最大
24c38a3bfecd38fb727b63da5f5b2081,與此密切相關的問
9575e97ec41df25bcddbf020864aad7a,可延伸標記式
4aa81f603fd796885ede25e256e1937f,依照憲法，中華人
c4741ce635359dc4ffb0f3a49b94d299,中華民國目前依
74e636a724fd27d82072a2820128276b,1
5f9578b648bb0e2a1b5edba4546e71c7,積雲：
a8b6503f0cf21024c3dfebf6c11f86b6,香
906efbc4f363d7c94e408923ee6ac8ae,氫在不
6fc965db45c539c625296e3dcd8f875a,2011年1月開
063676bd7f0aa27e2ea820668d6a6f3b,現代時期的開始代
fb702c0ec78a0c0de2fce5a66c6f71ce,心理學是否
ea999e698a47bf26322808b93ef32f8d,現
da6270a22f3a5b81f4db3ae905e91de4,戰
d6b1016463c5d177fc957154a240a6ef,高
021ac4729f2c9362341ce425e0089018,俄羅斯田
bcdc3ce28f52ec1835e872b86b12882c,新的老闆把球
a21628a82632221f5b00f98f363d2888,所有權又稱完全
8d865a2a24439849ab2761861e1910af,氫在不同情況下
cd08c80b71386d574717166b634025bc,國家中心城市
3a4514cecadc1a0ddbf5e9191758adbd,在法國，總統選舉
2b4b23a67c50ace6a2568748e88e1677,在他
1395f56f08cc27bb3db51bfd36ed4a4e,下薩克
64f6e35972e017e28cb6137007f159cd,自1926年在
47d02044b26801e6538277594091ddcc,現代時期的開始代
eb3989799cfc4396b55f4b330823ed6c,所有權
da66cf1e77e36e95f9e417c5bd4895c1,目前歐足
26a4b319225c801ed42a80bb72e02ef4,民間早就認識
877c0b65c3d0c4f152e9f702ec897cad,中國人民解放軍
767ea8d792bb0f4bc6220d8848a785d4,當時接管臺灣的
b9cdcfa3466753d80cf3f60e6a0411b5,聯邦總理
457a0f644622c10ba48b0d42f195f717,香港的醫療和保
c3f747f5be764a7c265326e3e42ffff1,奧
19c4a73927047fa3f1d593c865d64a49,在各民族從城邦
bb1c727d86b7eb2bc293cee0f3b2a202,司馬昭
652daa3b0bddab3d617157ee121601e1,五胡十六國，
b838ceac55501afe81a3d4d5e14c7a7a,所有權又稱完全
ddaccd979fdaa15bd55df6b28fff83ea,新
cb13cd7765b87dfd6c8b096209791094,所有權又稱完全
5c21472af2b6b1584af3ddf5b307902b,《中華人民共
b6dcc9cafe855d024540b93a554af88d,心理
a9b7a4e56fcfa0870cb9e1a8bc5719de,1997年中國國
e5cef74ae863aac372528a77eb0c46ac,如
0b769d1a3b34a66fdb1a685ed15dbbfe,不過儘管每個中
f8beb695303d6dec28140631c9359086,1972年
f3c7f239aca6308f5c512a1ddd90eeee,詹
c8d23fe01c77b54aa7985cf7cc130798,所有權又稱完全物
257a696cf90e84b67ebae7f14eecff99,中華民
fd48f5c06f03de48e464ff7be4ffb7a7,心
41a7e30609ada893041aeb7e23f4e1d9,中央軍委國防
d6777830144e2ba6fc3cf4ce9f64ea9b,在10
03c2150b46e8aaa7c0cd23f9002ae59b,笛卡兒
03b54770ce081d2c8a2c34b29f72eab8,依照憲法，中華
dd212d876aa4b2c06f9295678104ddfb,美
1c4b72581e2dd2c7fa1aed10f9655442,聯邦初建時工黨是
0e22309d86da7cddc0c2f4da613fb862,問
c886e31f799e95a45f2550c662385257,現代時
f29242480132119e0ed73f2260d26230,戰爭爆發後，
cbae6650dd81b91842a92b969a214e87,規
4be823545e72a88d3b49bbdfe809a141,伊斯
c530a8805f83fe0b05718ae6c22db505,巴西國家足球隊是
5c0bb75bd0aec939aa7f26a58148542b,聯邦總理
5240933aa604cd58973e8110bc9cf8a7,政府是一個政治體
a1cfcd1ed6a9a1af8e982c3d3c6f95f7,整個搬遷過程
ba2e138bf412d0ade47d998a2df87ed7,現代時期的
4694f7832c19440101eb755ad885c72f,三國軍
282e2beef94d4b696553fdc4f57bc5a2,在六
552c19adbefca63110d484e1bb4e886f,如
bf63cbb5776e3ef5c35665c5be06b0a1,笛卡兒的宗教信仰
3b28051f91e7fd3e0b37a907f9380afe,舊石器時代
0a55e2bef2fa395712cc0e5d18bfe80f,最後經過毛澤東拍
0a566b86a2af72117a0057b9bca41ea8,中國共產黨對中
1a47924a5c6a6dba1a81f2256054654a,《四庫全
3d17807174a8650958a10b79085f946d,近百年來
cf80d59a13f3fabecbd4211a84b66d26,在樂團休息期間，
1411441fdbfb24a05b5f82e30af6fb51,1
86b0343ec33d4bb3c7be8a7bbf9215ee,在中
5bf57cfc05a0d3f1f9628f53a9cfaddd,隨著物
67e778aa2a35af63b89938c21c012db3,心理學是
3e2b7ebc488611bd4550618c2ea8d4f9,顏色或
2e189fa587baa94385a69a6d5b2405cf,中華民國
1e975b44b63ce5ab094ca7cefcb2814a,全國
05a17f33c64dd4be9d151a72a0c263f3,南韓學者金榮
2c95e83b174817bd66f53b70d73299a9,文化廣播公司的
9ccaed1e112d8cd324aeafe2a1fd628e,「城市」的提法本
4d1b514e82f456658843a62c2e2a8529,據
b94f77ed5e8a7d08578a931d2e1b300d,中華人民共
24156cd9065128421201c980a865d6b7,笛卡兒的宗教信仰
f309da5ded9dff325c8693f39d25452e,由
ead50159df93ffc71c1b65e8699879f5,舉辦過夏
b2d7b8b13e0e01fd1c40da33579139d5,九
a71fb278835d3387b2f9d6f393daa448,中東是一個地理區
82da2b869dadfe7b0f810a0c6772842c,國內
197d5d8496ef2fcef33936632d8c70d5,都主教或稱
6a83667d0f3ae8c2d2b3416e60e00817,現
f69f68b461605b13fa3c6b793baf908d,東德對年輕人的
ae0696f16dc5c5d585da8a885c3c7c0b,按現代學者推
6f593da8565bba62637b0f4f67403a49,法國最大的城市是
c6c0680682005caee957cb3ade2212a1,由於許多引
1a705ba48a84b34211ef2a67e794e19b,2011年
6162ff7252c825dd42f6d6c80704f2d5,現代時
8dd4b73c4e7827df856bad708c4f726a,三國軍事
3b0d33ad5459068dac419e7e35838c2e,亞美尼亞語
7e9a592293817981d19e5575e5668d1b,1878
ca5de967541ca3aabf6d4f364cbfdd70,中國抗日戰爭時
3873f527f3b2f1b7a0f6e44bebf0f671,江澤民則主張早
db8c0b7788e78fdd31c8684cf5421eac,中國人可以指具
146ed3c851ae778adfd460e97a4c757b,中國致公
9f1ebd1a958d86d3d2d9e53a8eaf48a0,關
f5906f1fa870a20df9887e21a83445eb,中國國
a88652767ad3187446944157a8ad6d80,笛卡兒的宗教信仰
76808d5c74a34f5b826d0441a6df662f,《南華早報》和
24fcc9cf376a36f4a74350b48a262071,現代時期
682d9d7b946f7fe9ea77c69f7ac9da08,加彭是位於非洲
a986becefb751c32e2dabe8057de5795,此
e62fdba091606def2c4544dd3d5981d2,聖女
8579f9df1583a5d8aa5c96fb25e17e22,194
94e5202973fae3834c7a0371e0e0311e,水運交通方面
51b4a6a9515e2b3c2ebc27a17f5e29be,同時也有的民
2d373e17bea0ca04cf46e2b2ab64128b,習近平
134c0c1f94030e6a59dd39c80f85cffa,由於許多引人
146e565627feaecede573f97e09e928c,史
169f6d67040adf76fcfe3577880e4836,從1960年起
e3686d857373edd5539810c8659245ba,在推出五
65971290c4e8e3637de546ae539004ad,第二
22513604c4402888ff3bc166a04e807e,標籤圖檔格式是一
976fd1627c3fb02a0ccb48bfa29f798b,自十五世紀巴
ae5c125071d7cf15c755ab7f13869150,第三十一屆夏季
15ee66f1bb84d1306e3060d4105dfe1a,不
7a16874c8ebe31cc78e99fd37c3279b9,蜀漢為劉備所
e179d39ec274ba7e641a83ac9742d219,網際
9fb4139f0d1c7e9a8192bda267c6941e,蜀漢前
e14718df2a3872eac39038770f069ab1,京杭
b009cb3b85ca76c666e078a8732fc168,哈布
778a8e89a576e927c32e39c86737c2d9,現代時期的
1d9e6ab5e0d1fd19556fb0eec45737f5,1997年6月3
652b3d38c63659bc81612736978a470c,宋朝在中央設
50760f77f53c9e571d0a3c3719ee2732,上海市，簡稱滬，
5e6e0daf450ff81ef314af826535dd65,耶穌
9b737e92539808b43c12cde9c40f2317,在19
20d36185152c9f2f66988018ff592ddb,氫
a439909cbf22344124c0e941328b264a,圖像互換格式是
a812e5fdffcdcfe987b70641357e9da7,東南亞是亞
5969ec967a92d22b56187d783b41cdaa,江東方面，早在劉
568128dfbd22249f923b61cfdf82b3c6,戰
8364382641f1ca15f793f37400226223,在西方世界民主
73fd01ed69ee56d2bb5200cc2bbabbae,美利堅合
ebfa4dcb5007f70261964e661f33037d,林肯近地
3fdd9c983b3e593b55737073f3bbeda0,因為O
f266b5ef4011c440fcb8de95a08f3e6a,智慧型手機的新定
b3e0cbb63107aabc0064fe8b743e4beb,Xb
49b74a21aa8f30c03f3220bd5940664d,維基共享資源是存
d14b80b0da9346886fc09a6a223bd5bb,雖然國際足球總
d1fbe1b827ae9bc3b2df03470766f780,從
aed90d99a50d438324c2bbbca3be82fd,中
df27f9329b52eef874a6aadb69bad5ce,京杭大運河，位
c9693b2c878b366af0231a037a5a0738,開發
7fed28d662ef4c8c5886ab772813d303,京杭
57419aa2b580ef5bd1a40d123ba7194d,華
21c68f264cb814c25258d53136ca6fa9,橫濱市因其便
a6f48e58cd036e4290c6e7c8bffa5684,由於東德
0ef058739f63c742dc4fb143fc3137f5,雖然歐
dcf841f549f27b09559468236c7f3359,從19
eb2739863faa116eaa8c66add3a52d49,工黨的領導組織
b81ac3944dd63beaf1a0d125ef975c33,法
d38cf0aa0ab84d2e6e4d08909e71c8bc,巴西國家足球
b553fe85d262a970242282010f731a20,軍事在上古時
594a362b4797b5498a67242f21ae62e9,中華民國目
fdeb0b9b3f786721e11318ebb912c6da,Xbox 3
bced1aa1ad4905db15327464d48ee000,為了
c2faa507bdd8105f9a15dda94073df30,2005年1月
95c05a91ec6f09edbad2525070472786,根據《中華
0b0634a698c26db7342cb2ce1fc0e392,耶穌受審、受難
e6846b1c99017be47b6b1082af255cfc,麥金塔電腦，
08918ffb0844f3161a86175a41bba367,中
6bf5856903cca4449a6c0030b720ece9,中南海位於中
64963813c590c4efcefab2bece71e35b,軍事在上
b180bb2948da6e43764639e39bdcbba6,冷戰期間
f0a4fd6dcfab9b9c4ec48c5755d8bab3,儲存裝
3eb9e397936d9b5d2573bef26603b97a,1986年，前
060eb17c251b10d9f983792e96aaf4e9,中美是一
4d5e1d31a72ffbf46ba18fcf444c61c8,南京陷
a9f5943e8ce9ecbeca2f5ce587352a44,19
b2e769cd40df05783e63478b3e0e41ae,憲法
090a0ed063164855b3a6a1b664290713,史賓諾沙認
50227b335c7331a7d09b811b41cb21e7,從196
ec98d080f48fbb80572ac4ce84b8d46f,目前歐足
4956192a9fed160d62d9e7b723168d1c,維基媒體的使
99838607919a238cc066c362c3f444ba,柏
78478954aa21e410d0de16e0fcce1d4d,1996年中國在
14ce8f1cc0f5390d49bc73da7ff2c89a,少數除外
8d310afe5dd76212b3ae3bcd6e96f6ce,日本的
16146cc92a124ab7b5d83eb5d5cee8a1,瑞
9c12b0947519725c30f6060c318674de,國內生產總值亦
72d8dadd78094559a285deb7b9da484f,所有權又稱完全物
309b781d469f4af5f12595f2c04a5b72,孫吳所處的江南，
e25c7a33b2a341debbf491f7a8b29b4f,現
a3fc6bccdd9aad257d78e7674bee94f3,工會可
b4d1622bb64626847390cab887cf28c2,耶穌從死
c7756619f1022b863d439246570eb9eb,智慧型手機的新定
47852d1717d501d9e570077b994682bc,心理學是否為自
bcad5dabb558da4280caab4c50818185,2
fd06b9eedf75b6bf556fb49a01437478,如同
584fc68608b403baa05a5248f5361c8d,現代
4398e8f517a86c4ac903555629d3e774,從以往廢
e75586ca29d9e01b39c88436f574e198,西部方面，西羌
991d1ab9ac223dfab090ce7fc7a53728,維基媒
00a536e8e8bbdf71ab1b17c2c6ef33a9,營
c3e3ccc4d223c0a81bdb1bedb54c1196,2008年3月7
6547307a39fda361fdbfbd54c7cbf6ae,經歷兩
4a2ab32d20f3b14678e59a75f14d5ee1,孫權在周瑜及張昭
52196f31232fd44742a3a18b680c2ffd,巴伐利亞發動機
975247fd0181dd785bfe6989ce61fa56,總教練威爾伯特·
9fefd21d910a2a4e88d9700da6d94084,圖像互換格
2187f4e976eefe10b4aea4229c42489f,三國
f4fb8ad0fdebc51dce2fbf75a3390f4c,「城市」的提法
f295faea41f6dbd61109e0fa095429b5,依照憲法，中
d3e6177dd092737fdd6b338778e93d0f,1972年的
6a40aa5811d8e725cace15e5dbd57290,葉門共和國，
06a3097b3383ba0bb55b9c4847627112,當今瑞士聯邦
8892d7701dfcaa1f2df26648d252b0f7,經濟合作暨發展
a301342a6d0f7f737f06c177beee35d0,最
0a4bbc6c0526f704828fcd59219497f7,麥克斯·施蒂納在
8f96df6c0bd058e4b2735759a2774498,選舉在1
8c79c803869a4c9da2d08e19557cfa4b,徵兵是在募兵以後
1779d65886754389f5157c08cd8877a7,於1
dcb7e90bacd63949dd5d44a8b677d85b,氫在不同情況下都
7dcbd299665d4a68ac0dd5bab9cfa9cd,第二戰區副司
30e07dd5f02a8920be6857d56f115121,在天文學上，絕對
0d0cb5dad393d9c3dfbc67de6c449d0c,在2
4e0a38ced082aefa75d0bad9b044723b,世界氣象
bbe422ccfa244e78837d72343daf6e00,由早期傳統
c5937cea142132f1d2f2205a023cca1c,網路遊戲，
063134c8947ca65d9bbad48352cf72b7,亞利
5559b1d3bae993cbb3e64b79e4f11da8,在
f635c5328a67f3b4ea199803a69c628c,在埃歐上的山峰有
05a0bcfe990c78d4501086f71f9ff3d4,東歐的地形大
b91bc3ed52d62adbad217f9d0856bd76,選
759e8c5b6cf9640be3f7838a5f92b9d0,由於海
7cd246812eac2a1f58a9294b9e1c8789,民國26年，因日
1ee0ba3474bedd5c051f9381bdf42129,1905年法國
69e7ea7e9fcef8c9811637b898591ed0,香港回歸
659e476d1ff48bbc712bd5bb70dc74a1,慕容雋
6ee78435059e04891bdf31d1e1b6400f,中華人
696b02daf5061c59de15a745283a04fc,烏海市是中華
29ee855166f6ab403cfcd688075b9aab,大多數
3e66cea9e8b685515689c753ae71f0fd,密西西比
ee49ace728eff25d3f5515fd3e08d6fe,國內
2bdfc7630e8f3d1788ced5244ffc7fd6,依照憲法
e7a2446e3ab0a1a78fb3fa58ab158648,中國大陸由於以
85e4cd4211817c3d8beb728dfb9a871d,心理學是否為自
3dbfe876f272a148f593378e99ed3f8a,政治學是一門
5512046991049ad7197ea88f1fa6d568,網路遊戲，也稱
6d5792808556783fb647215e047909e1,由於世界摔角
37400a5d3dd951c1825bfcfabf651270,從196
8b09692562b60a8b99623c2536234958,2
511beb86bde93c05aaa65099ec772d0c,有調查資
f9a1e85c0cfbbea21f651047a09f2e3c,台
270e10c65c5c2e384247afd26373b7fc,1763年法國、
5860f0a3f98a9e4695b631686cf7b7c3,樂
bc43eff4bb4c8a62fb6837697d753f70,2008年1
b8cfeea6b1ab66afc4d6a82e9e424765,根
c3cfa512ad79cd5a59f0bdabe5f12334,命令列介面
109951dfc0c061fe63672231202aa4fb,軍事在上古時
d4cbdb5d46ddb614cdca6da2e3567b0f,笛卡兒的宗教信仰
a1f2a1d12f922590e3d343531d0aede3,化
cd1654e0e046c850e9950c4e015e2cb8,2007
c91383ecc68bc02bf8e73b1a52b60a4e,據
762d1279d9c2617c5ce073191401d278,在
defe069f51899b254b62cc2e7627275d,1
d666532049255147770641c1dd3dab69,現代時期的開始代
902e8e5a406d40c90e55360aac4c9e76,對日抗戰爆發後，
6a2f16641743863e1fcd84e432ce83bb,小
659566fa865f8691d0e4554f6b8b6abb,1934
b344fd70c5e2c3cd1daf013c74d1c114,1996年中
33d26e9c6ae7dce1f5f14992aa58ed6b,資訊科技
cd16df174626a363cbc48a71c6b7f43c,北
f833813b40c997140eabb156f0c37570,現代時期的
85bc12e03b4b71b1a6b99b626fbe8e33,中華民國總統由全
b16664385e6c1e77bb3f859fb55ed62a,有線
89cb1b48eb756ccda453f311e8ec5ec0,奧運會的比賽
94638b4f3a84a974c1641607529db5e8,選舉在
5cda798192a4e59c85fcb179cd4b2f3a,九三
ceec2b5bf1ff01256dc3c34c55b6f756,2007年
faa06b3764d8d6bf953ce00f14eb1811,在澳
afc3293b9e85696c895d950255ba9870,密西西比河西邊
ff5b075266a56c2e5fbf198181f22c4a,1958年9月
d55f8857eb6d24d3d593d93e086dfed1,所有權又稱完
1f1a1843b269294a9bf6ee1c493b8adf,所有權又稱完全
522b04eb0eefd5e07d22df0aa227f18a,耶
266d5fd4de384c595141b50095c0971c,中華人民共和國
84c3bdc7acb5d742864c8b1d46dde072,元代著名天文學
f7e80446e971ccc1d98adafb101e3c72,所
3a2a4ea16f9b5295285dc5d9d0587000,新的老
6e5f8d4bc277f82cf781de8c9530682b,與此密切相關
b6b80a52c734eeeff5449bdfa6b96be2,阿
66b8b1b9fba980be2c2ea0aa41540c37,可延伸標記式語
dccbc0da6aa05da9799c86a899f29f0a,奧運
c29d3300dc285629622bf453b11c055c,中華人民共和國
70031b1ec39c3808d6e81304a6476d31,從19
b845a3379030278a9a69d8d5ce8dbc3b,從北方南遷的人
9530427c80b92582a1cc57ea40087264,心理學是
c1ac560012f6f0caf7b57b9f9867c4d5,而另一方
513feb513bede21dc3dc2a700fc9eeee,1
00316b54d96b95af18bf1e3b866b7465,從1960
7b0d70677a98892e7cdeb449ca4ab8c0,笛卡兒的宗教信
8dbd42910fbd2efb36e6c0359c8247d4,時任全國人大常委
3fd4196754d9d477457db270bf42fc90,二氧化碳是空氣
86b748fd119e984dddfe500ad8ae56c7,然而
4e009d651f65cd5fb1e8098cba766fbe,荷
e1e6283aef5dcce12490cbb2f1205915,心理學是否為
fca0089648981e423956b9a48d0e113f,「HD-Read
b5dc87620bf91fc3481c218f307173b3,1950年3
7aa542a570c770de13a1ddc9da20267e,在樂
266fcd375d79308cd83d05a286d1cf7e,為了對抗軍隊
5d88540cf65991caad03140c196282ea,值得一提的
2925368ae804706f69ea97fa2349992e,中生代是顯生宙的
a8e5c387ba8b9cbf3d1a05bc23621d93,在1980年，值
7a122db29d80f12fbf5686f8677c490d,氫在不同情況下
2efa8cec2fd93897ae7157d9b619671b,上新世氣
49b126df96b0bf761cdc5a7d84dcd81d,法國最大的
da26ad1241700c56b1a2de3af3c2928d,戲劇文本是一齣
878fd3d4bb2ef8617ed8798e7b4e1164,沈
2636d423fb4ad0548a121b2687906503,德肋撒入修
fe352b46d3ecc7b5b907d959e210d3b4,俄
ba024e515887a756719ce2e1d4814637,1993年1
9bf8bb41558489fb8b539663a3a6f0a7,因
46e4b190b3fd5edfb705d238d2d8f0d9,紹
a6a0a888d05c0a29da997e1518d89400,可延伸
04e07f5678aa08637d7be40b83ec2d5d,北起淮水
528136b7cb669d02b5363c9a8c08d928,1763年法國
cbaff69a78447910e2e5869448f76ba4,東德憲法
82fe1d81ea1d7321c3742832a503f818,經濟及工
ee486fe173f59ff10d3dbc60d1979199,東鐵綫是香港
1f3ef6cf83acf89cc32a95976f2943ce,練習神拳的人
ef2ba53993f24c98323e15e44739ac7d,世界旅遊
db492c3633321dc674f1cd18bf039255,194
38f6330ce49e017e0b107aab64472e10,19
4172bbcb500e3549fcbc3fc3e79a5b45,19
efb9550237c463beab0fe88ce266d495,央視網是中國
b31936158c94bb9466591b74de804b5c,中
0196fb03c347f376c7d79d2b84cac484,繪畫在技術層面
6a48e3485f1c6a59d7ea98bb2b6a0313,耶穌受
44d132e711b3728e978341a85b5303fa,加利福尼亞州
6cb350720f2e2ec224ff5799856cedbb,耶穌從死裡復
e23a6c1a625dcec438e02fd8d5fd20af,金融，由於揚
5a4f97c3efaf483e9e5a25e3be8e9ad8,1980年早期，
c98a7d674ba6f20a352c8fcf7ac693c4,昭和
d04d9b59e45df008d2bfb9ea2a1de9d1,根據最
ce0fe6eacdfc82b75907b83379212728,中央軍
cb98577bd8e9e0ae319e1ca5889d1715,元朝定都大都
597ed19ccae5f854bb501635179552ae,中世紀前期是
02616d4e90f3919ff5563c39c502c078,麻省理工學院一直
82dc3aa500e67e7cda58f7548fb1b68c,現代
43a67e89480155f891cbf8cd3e7019a0,國內生產總值亦
486cf20243957e70a474a86045a83490,恆星的顏色，
3996f2b183aa0ae2df0f799e6717842a,195
86c307fee1c8b63594fa81adf9745aaf,5
e6b47229545c60be2387b150716c2286,網
f6d44494fce2d4d5821b88289e88fcbf,在剛創立新公
6afac1e4b434537427d34764db81ce55,選舉在1789年
5209336d27db86635e7af590efeeee2f,中山的民舞是以模
6b6e4014dac39690f7b96f503904cca7,中
fb5c8f6cec4f81409a0cb6b1e2086bdc,因為
a676e47574da280b2dd27b8d5972ff0d,台灣棒球
eb8783d39ac5c76986529a68bdf0e6b4,中國科學技術
99ecf5ddf6ab787148d510077cfb4d54,現代時期的
c230d7a6bb1c72ff542a98709164bf50,邊沁
29efad3c4a47294c97b70522272b1def,據《往年記事
0652529da99339d146f4e4529ae021d7,國家
448676ad6097dcfde1691c2bb6f6647b,朱德與周恩來
2d23338b9861b442c8dff745c8104dc4,有限公司，
73183082ea206ab274ce49fb5752a291,笛卡兒將這種方法
3e880d11d77f60dbc3eb4ff97214474a,亞美
dd5289da84ff303dd286513cfbe6bbc8,此
b7e4b2c41a046677a595587bec8d47bc,工黨的領導組織
db3011c7e30720eb070cbd27e49a671f,法國最大
4c2c5435974d7e9ca5eb25ecd8815877,抗日戰
4ae04b65d9e7d4cdc08feb0a1f9d8109,200
65c6d58d52efc6e2a9414e53de01456f,國家中
cd4ff7dafa58fe1356dc0df1912f7d01,什
837ec721df77967f0019516fe24f88e0,上海綠
995977a2385f55d1ac1912a2bbd01d43,科學與非科學的區
a6af33b6bb4acdc7e09593ee72251309,國內
29fff050147d47bb85353fad7c54c287,從1960
a3d4e799996e2d6213aaec2be86d6297,在江
50bb70ca45e5bf8dfd60de469a264e4a,九華山
9544962dc0a1b08a5a7951ecfad4695c,現代時期
935fb6c97b01933c85411584ca9c735e,從北方南遷的人民
5cbf53911194d11f20d46b323b709e47,有
4b2bbab202fed047df50245ca049ea6b,烏克蘭族是東
69721cad0a25555ca0575b28cf1794fc,按現代學者
ac22eb6ea06cbd061575689c00e7dbe1,薩克森和奧
2549b4af99e2c9f6d659273eb6ff8cb9,笛卡兒的宗教信仰
784d5f9f018114f5afca2b51c1d51153,南
537737bb4b223ecb30cb2d84f1b39fcd,第一次鴉片戰爭以
310db52d1afc7ba3c2ea5ac3e5c65234,1859年，法軍
dedb365f87713dc2802d37ce7551333c,亞美尼亞語
0954205fd7e05bb6f1fd5e56538ab741,法國最大的城
295a7080c6db24a21b7c49eda0cc8f5f,所
6fcded45b7c3012b6ac81e36d0c7ba52,197
4fccf70e941253c35bb8d93743bdd651,俄羅斯田徑
4dac79d6eff3431a0b53c9179ba44635,現代時期的開始代
dc99e78c8cd9e3ddbcb88c01848f87c7,「HD-Read
734007e7eb47ca0a4d267158c518497f,東德
ca7e773d2d1ac229e5c21bc521a2196c,現行的國民教育
12a13044d843ad25f593286161d37213,1
d9be67a7ff340ed9929539fcbebefa6c,元朝統一全國
7d539626a01ea17d8b642e19ebbf8b81,英國自拿破
ebb8f47efb676bf334ad3fc8157be4d2,直到近代海運
9279fe81fda5f3d396f36550918f72e2,法
ea2b6f61f78d88b77f314963fd02cfe8,20
991f60759e92b5e091b5c45877d87d7f,襲擊事件發生
839986895dc2eb3f694e29ab1ffd69e1,政治是各種團體進
1df391970e1a511472098ea2c9fe6fee,中國農業銀行
87681d05b25b3ad92cc32824c6779a63,抗
1972fb47880e718d0fc85add0739cfbc,聯邦總理是德
ba9531e6231e628d0c83d741ef40459a,在194
b4419b304d516b62b5a470ab813b33f7,因此並
10ed41b5ead5c0246c8ce9d6715731c6,1
c86a21790bbb3dda55cc49e02319de7b,在1949年
0bb1b35e83ddb9db44392c4282516e53,中華人民共
20be6e2527629f7e1751e0f025e5adad,這是一個
dd1ae6fd0a9dc19afc2dac28ed354f9b,現代
5454e3eaa9b6276e4e1bd0f38550b3fc,1763年法
b29c6829f4cceb690d5e84063ec5e2e9,1
c73ccca638e0825053e877957b03bc4a,耶
986f85d605605f08c7b7af895256802c,三國與外族互
f60f8f942e291faaaf9913228726adfe,市長是近
da81df4dcf69cb171ad7ed48f9d66126,為了對抗軍
18a9f59577204cd1cb1ea7e0687bbd38,新
8394bff6fe6c358cccce0faa346297c5,中西區是香港
8a81ecc2b55254ccf97af204d208ad4d,中國國際廣
44b98afb9e8118b1fc16e79908396b93,200
aba2f71133fcaeefafc94399ecdc4b45,有限
969175d176c42ca2d7d7a97014281488,蛋糕是一種
841e3d8c2b263f0d955feba940a39d76,所有
823f8cb036f2ae3565402bd0b4616416,蔣中正，原
ef651a2895f60227fa77b4d5f5d65cc3,時至今
c53d8104909580062eca8294153d0c98,抗日戰爭期
09ceddc11b3663280eb35486545b205f,華南理
ca5dc0b764f1af0b8978f9778df055ca,過去，
8940c13850e80215815ffaf473c720c6,依照憲法
da666f4542d2b86eac689cba06331127,在推出五張專
2669e58d3a4999358eaf3965d59a9c04,抗日
e4e3bb96ce60c87c1dd3521bd7631a4e,在2014年英國
50c027772ac633537bd0706aa7113317,上水
efeca91ee989ef7076edae460c6516fa,19
47a7f80163c9f1b1db088382c458d664,1986年，
0398ee3a3f240a998c5a40503c044e4a,從7世
814ca53aca8a236f94650a9498d4b377,由於海峽
98d85c3192ee89b776496b3730595173,現代時期的開始代
bef2adeae83dc6f00e1cb7f2d2effee3,中國國際廣播電
4726b2f05575e2b6ed78a638d56c2448,「城市」的提法本
9e947f7484f0eb436b9460367def51a9,根據《中華人
3b766f326c64c92eca442ef1a0150d05,葉門南鄰阿拉
ad8428f1b5bc4251b4f57d8c798cd829,1911
6d8f3edd99eedb2abbbf8aa3d52f2760,Xbox 360
1325b306d7b63efa2358f9920981e831,中生代是顯生
97f3ffd0144ac0d07fc27b5c387643e5,高
09df94b293b24ee58df03e58ed1597d4,義烏市位於中國
dc7c8b4853c494583a80cc919ef31198,為了對抗
a02f305ae8ea7626d01bd467ff10f572,所有權又稱完全
544e69fed1920d3b6ea5ff9c66e37414,央視網是中
73b28f64256aea90e8da24f19c007a60,1970
8eb07714e77ac00728c395a5bebc5517,安立
2bf7b39aa0238df60d5a48e0d59e306b,馬
90daacfae2aba42c1d351e9fb0527a79,三重縣位處
676485332316b5268abdcbfa5de7fb54,禮儀/
aed6b8a719d5b307e59870d33d4f0662,抗日戰爭期間，擔
c4521f98ca9db5eafba491273ea9fbae,中華人民共和
c3031c71a210a461a78569519b16a5b5,萊茵河從阿爾
1cbf55d70e4471b0ed078714bf1d1cd5,林肯近地小
e77fc370b8b286a7d214ebf7faba06ea,聯邦總理是
7321c0c3c9af14648f40e377a5dc2d77,小艾伯特·阿
0e9e61c7ae1b393f88e923350ddb6f65,選
0b0a9d8eee91950aa133468e7d2daf8a,聯合國人權委員
883bb0ce1821305154b28f1e4eb450ef,黃巾之亂後，中原
5db9479b21aa2ed0cafcdb5b3465fcb1,1972年的
cbe761fe9489cc4d7625eca6818e7ac4,新的老闆把球隊
01660872246c4d603a08befc7b042ad4,近
db0fcde22f7de7b1ecdef0f6f6f77fa7,心理學是否為自然
74b89924888c7724b7dd7b1c4934c5a5,義務教育指政
a841fc948582e63384d5f73277175969,抗日戰爭
0049e690c5f60f485bf8ae4d52168596,由早
f947d2d76d4ac8e7b66c429e528db371,第三十一屆夏
fee89b32af495fef87a03475d1bd51ad,麥克斯·施蒂
0c23bb15eda8e4db655afdf53c7f956f,夏季奧林匹克運動
2e2a69f49bbead8ed1ba7c307f9cde55,其中科學發展觀
058d67ecc427f03c912b57d8103f3514,《只愛
cf32fa3418e38b5e898026a403903621,在1987
01638cce6c06258885dfb191b42222b2,電視機簡稱電
baa191aac9b39a7467f5e77b8c62de97,開發區依照
c63af3ae0ab0db2864c73426480010c0,中西區是香
4c46f28f6246ed20c2c61eea6f1e919c,依照憲法，
fcfe17cd8a5601ea7caf27b0b29fc1f0,倫敦大
b7f7221555ec65ce2fb5c09490c0655a,現代
00650540905a584f49cf8ec6d235342a,1980年
ed49fec98c26692c9345a49f49d5d274,英
e329636f584f746627457f12782b2099,取得義大利之役的
58102bd929698421a233a1296abcfe09,工黨的領導組
a78a36680e60ecf9e67c4c112db4a068,19
0631e86b662189b92eaeec748e70b73c,權力分
795891e1dc061b72272cd990b1cb8c25,中原
0dec302e568b09342dfe7fcfe8590652,依照憲法，中
9bece6290d38777d4fe3476d31dcdd60,麥克斯·施蒂
fb46b2794ec9ab36c204d8cbe9b9c604,麥克斯·施蒂
87a1bd070fa6f46fda730d05d24c6936,中
810b8017f967afbf10ee425ad64ef594,選舉在1789
b7c196abd74d46aa61d2e88c366ee38b,選
58ee4aa2946afddb4ba86ef56dedde66,從1960年起，
a53868723db99793d4c4febdcf466fd9,民主
2c4018dd6a62f452e0fb89a7cd3e7eee,中國共產黨十一
8a9d7fad9697a81a0ec90634d4e0761f,孫吳重臣陸凱及陸
fcc2b921bfe2fc1b723a369e807d74c2,笛卡兒將這種方法
3fc3c02e6c0adc3b8855d10a570fd213,歌劇是一
8f12a61a5bb677c2882208a379d224a0,192
93aebdaafe85b6024ef4b6af54c4e940,格哈特·施洛
93248bb14133281059ef69b86b4c73d5,現代時期的
3239a900cfc45a36a4fe719a7a998dbf,亞
5acfad8afa87b83b5540fbd0a6bbbd8b,中華人
23035b37ce96810cc6bace5a9600fe45,總統的職權明文
a209407d65147e9ad0821bb67dbd3d6f,普魯士
fb5ba5aa6829bd154a957e03c142a020,硬體是裝置
c21d198c049b4f91cfd033a2105521e9,淝
a245500eba8f7e39b610a4d5a3ad9fb3,繪
02013e38f7085369984a853821b768bb,投資在
01b64f7f13d85b92ea8360667cf0d6ad,中東的
3961b3b2ea57d95e7c986ede0d4b1545,國際
77f83cfd52aa5824a0a14ab8efc50256,顏
66722dc7cb9cf470ac57af4feac5406e,中東是
7bfc00de12a573defd20585bb42071d4,中國科學技
83dd9cdbd2656dc89e1a81b080021576,宣統三年爆發
004a8946ca1726d36c431a232dc8f80f,2009年
7c44569f12ae71317b9dac2aa482f1cf,中國科
ec7098b3e9e0b2e5677ab5806d6b80bc,柏拉圖哲學思想
3db5619ad068110561c5691e333357c9,新浪微博，是
c65f65e110135bc67a1c25188678de9e,中央廣播電臺；
e3bf9a9fb5464239381571fd32abe298,孫吳為了
df44db8c6eacdd98ba1d8cee66f19159,《四庫全書》是
67f7fbe701c22a0a40cd36a767711c61,日照時數或日照期
91bad7d31528ee0f24735e26b2515cce,中央軍委國防
e2537fe2bbc50d5d85fc88566faa712c,李宗仁與蔣介石長
80256a3afe760c7448020de96eea744b,「文化大
a92d2dd6b32590e66eb42f60565661d8,200
148a9cb2c304b6d913abc8a239f7c3ab,林肯近地小行
7adfff847c5e46742cfa0db91d4f7213,過去，在中國
ec1e6d68b41e477e87afbd470c46a55c,柏拉圖哲
1cf35b442a7a86ff5165b1e68f419db7,令西班
5a9a59203f9f419e4795fda6a2a71ad8,現代史，又譯為近
f672ae40bcec706c19791226d3f76a11,2008年
fb920dcdea1434e19fe84cf63a279717,世界羽球
412bfc735636f07ccb63d8c537fb9e76,在普通法法制
b0e205f73ee6ee1afe1711f590910a58,耶穌從死裡復活
6956a7dcf66df3aa66eb9a80d66ecd44,1915
bd3729a5291c49e9d722c48455ff0c38,馬爾庫斯·維特
13f6061a65b0bf18a1716c242ec0ee22,健康計劃是一個
8c8344c91a3b3e16f965a9b32fa2eb38,同時也有的民主
ef0e1abaa215e1e70231741008a8be59,命令列介面是
f44edbf764946a1481048f171f61c4bb,2005年1
222c3514b68d260f90e3fe21f0524c1e,心理學是否
90c01370a390eb630d86563545556cf3,公共
5f2dcef7342a64cdfabfa5e6ec2bae25,五旬節運
6c1e095da77f404006056d35d9275382,從洛陽出
451ceffbd268e65008e5839e64a91976,第一次世界
e75ea48f3aeeb3777278cd2782edd464,新教和天
bfb4a5b603582f8c01394bfd53d162ff,1
ed103e5771d69f175fd95f7676104fbc,從
e4bb1148f4f500fd5ed6bc0abb3fb9d7,另一
9c1beb8628acc30d4bb09d4ab52141c5,國內生產總值
1a064e47864a8134881df25562b7386f,中國國際
e05a2aefae04dc3da0544e777d318226,郭沫若，幼名文豹
67462e58120a889428c49cb9ee7ab6ee,198
c22ee18f096213d7f98e82f96349372e,俄羅斯田徑選
b13e4f793b2e636068fdb91a2f4cbfea,19
cac675381d6e6b22d696f1b82aaf5974,194
05e9775306c52ea2092a08c6d9743b9d,關
3214872168c09498472c19c212bd362d,中山的民舞是以模
f37ac4ebfdf13040130c4a3bf5635daf,1899
65e4e5f8d367c4229f24fa1274759d0b,宗
c223a2745e60148a5962dd789fc10431,烏克蘭這一名
dff6e615ab0e60ef567d02b859ecfecf,與此密切相關的
87660a51458145625c8e8faf1d084cf6,各個中文
746639e34a6edae928831d352f286268,書中
20ae504d2fa4e272d5d06703e1f8a317,整
91ac336c2b443a3a35c81cb0bf5a619a,科學與非科學的
2731a95a697e85d610cd665bb265ec50,耶穌受審、受
692c495657590ac183da2b936e3b4f0d,菊
c8d9f5e47b2dc6f713422f6f9e056525,協約國
dea3bbec90babea1a46c636ac936551f,現代時期的開始代
ed450e81901d07fe4b1b39ab902247c3,1989年1
471b24dd03e1f6571efe343ffc3f110a,現代
d512d0b9eb193018094a3561f39882f2,1966
9a597d9aee17a50987c770d8cda08789,國內生產總
5bbd0758f28edddd01075e1e7a18a7c2,心理學是
0a22215970b161d97348fd5528d3b49d,1955年，一
848e5b4ded4c8f54b92d52f2da7febca,香港代表團從赫爾
306f87b2ded732ab368526c8346cca64,從1960
5a7f293936143369d5c1a609ec61d07d,許多
b04cbc079668d669767d95c119037ae2,小篆，作為秦
ec67eb9675befece4e7f4dcd91b98397,新加坡的
adc25903e785084f638552a5285f215c,超新星
5e822729779fbd8f3159d1d56bcaa1f4,所有權又稱完全
f137ed61c71fcbb31ceff5c60a1bdc4b,所有權又稱
cf4d2b9b206d48ee1d82c5385520e173,隨著解嚴以來政
6402cb0b94b5eeb2bafce20a5a29c976,法國最大的城市是
f36c45a61487c327e48e65eae50b6005,堪薩斯河發
ef72331bddebc8aa3b5ee57d04b33b7b,臺灣
a8130a2d6f8997f39caa785cf6b1730c,中國郵政集團公
b8aac85be1e3dcd858d3f404aa0a376e,規範中央行政機關
87b2fba222e4ee5f5496c21579529623,中國共產黨中央
7d7f10652255fa1c0cb7cff1212c2e90,隨著解嚴以來政
973e27d218e9ae3a04479ce66ba7d731,194
ed043c9ecb35b39be89f43b1254375fb,意第緒語屬於日耳
fd90eb4bc19486188f3dc2ac75e45245,在中
8c18c57a6ee80ca48a84dcede71bd6e0,漢諾瓦96足球俱
f021331f7e32be80a1940c6952939416,1625
e1b5536bd806d1ddac7dbd76b94d667c,文
ba4c8354a8131f486de0e1aa99f66f26,選舉在178
ff95f895876e9b27ab8864571e84b6f2,中視，又稱
e92c27d1d5c24c43698a37b19e6fb0f7,按現代學
9ca8351165db05ab83d2b4fa93233127,從京
4667d49540b1f7e3c106d7664daf0f0f,日本在
25c245f44fc96cfd7ea1157104d80db8,最容
81209426dfab04c12f37d1f0e3619685,為了能夠參選
2d2c76599bdcd54b805327c551ac7aa6,由於
c3553ad879e3bd1b4b83d69c0441a0a8,2014年，中山
1b566002f11ab2a178278a6f70bbb7a2,19
374c235397f7d9a7e4a675c395f6bc05,美國資訊交換標
04f267eba42789ea6236d2949bf7ddea,現
a2bc39ca70b4598d71885dea766566ea,笛卡兒的宗教信仰
66ba7b61128e442d6edd77d5780dc8cb,同時在NH
9fb09cdcf667e5bc1bdb96a79a91cd9f,俄裔德國科學家
ea5aea9bbe36ca1c6cc010c5705d6a8e,拿破崙三世，即
7421ffad55ee8f7e1f95509ebb27f2e1,列寧本
176b23e3255a202d57181e535c1bc472,現代時期的開
6465cac9a4b98065e2b2ae3b0de67bea,現代時期的開
d280b70fe3770fdc12e64a3ffd2fdc7f,麥克斯
c4bfd24cd90f78d03ea8110c3cd1723a,國立
533b7428a18779f915336a02b0d031e6,漢字是多種語
cc60dcdc8273315c0bf09cd1f1a813e3,東歐，多
5c0e1dda9c4945f8925da23f25feddd3,從19
5f25899ff296e9e34d4e06a920598022,科幻小說作為
d42338d714c35a1ee7b96eca530cef8a,根據《
5f570a69c0dd9069b104a2fc58a7e624,恆星
b3a25a9885635738eb2ac5315b345da7,東晉，
e30dfe511a36bddec548dab0b4df3e05,索尼互動娛樂，前
e32fbaa7000ca2dadb7a3dec9151923b,現代時期的開始代
2481ba4ba992bf375658e535255067cd,中國移動通信集
048f3bad8c9aae0a325c15c2bc57581a,荃灣
794585ab3528a5c00c55b7ac279f9bac,中國
387bc41b25bb3936d38f14b2240b6a7c,半總統制
7855fd621112cbe1a703f8540a20193f,2
0dc1dbb13981110fded8918cdfd779d5,所有權又
0cc07c33beebea237157f663bd7fbdbb,現代時期的開
0896c245ec872606ba13749f014d78c5,國內生產總
6ed58268cb07b5958fa46c804299053f,奧運會的比賽
94d96dc9ed7590fede70fc30e6ebeb33,心理
888348e2d7f067976fa9ddcccb3a49c2,維基共享資源是存
d9c5f3930f4fc1ca4799d43280366f49,心理學是否為自然
23f9c62c6e6982aafe86f1cb9246c50d,20
dc22fe2c31841ef2cc756fe3c7af102e,史賓
53f88fd1230a128a597881b20380a4e4,麥克斯·施蒂
30766cc4dc194a46a9a4c5372bd62f71,與
d9e9af2a7000ebefdc36501df429f9a3,如同每
f759b957c833ff0135f36ec0fb285116,抗日戰爭期間，
96e39851bb5583a94b03e1f98802f7e7,中華民國是位
65d2fc3edccd2cda710cf0b6e2a2be0e,東德的正式名稱為
b791225436a92626bd91504496556a7e,中央防範和處理
05bcbbbf2bb6c3f70d38d12a96ac1ebc,網
916fe6912e2a389d9a81d854936c8fce,2005年1月，
1aca689bf6c850090e9490ec0199097c,1947年2月2
f6ae725bc6ea4bb006836f13079fc587,選舉在178
ebdb6e5a69f49b08c9a8f4020c06955b,為
f4c9fc7a0bf2a5cddbb20c938c7da705,所有權又稱完
5280b9e5ac10f2ca776f2d37188ff8da,此
0a3768448ecbcf201dc5c56213edb790,1928年
0ff4bb05441640e29f259ac97b99ed96,195
e77ea4d0547b42f6bfeb1bb057368482,經濟合作暨
6a2613cc67e40d48f53b3708b602fecc,聯邦總
8e0d53ff81195b55813a4776abffd057,抗日戰爭期
a22378e4efc0b01405c7604b545138e3,國內生
4f13f3bb3c88b967ba8ac63a008fe784,1
05bf3a771499bec6bdac9801a94dfc6f,為了
e8734ee5e95ed7a18c70c020f6ae2fa0,心理學是否
c41a0a55fc7eb0e3cf9fba537d643e8c,余紀忠時代的中
d8053bf4edd3e702f20b13d18e522766,1905年
9e3ca6a323b92f33f22ffafcf16c1712,2
b6b54f651ca057f10a25b59020158220,中國人可以指屬
2a770fa27bb6734a6894907096b66894,上海縣，
2b172ee5ff6c8c6d4769c4161d6d63de,中山市是古中
48eb5404eb7f6d712cc7fc4d0be8351d,上新世是
71f43b1eb2a54001e1dca5e046f4996d,機械學方面：
3cd2a47b48e2ca76932d7807a642cedc,科學與
ccd39e0a2bc780a0fdf2dceb33fdb705,2
ea31c8cb123e753fcc41126817931c46,政府是一個
422eeb1e83c19220ff12e4da93f57e34,天主教會
71d718dae7bd5f8491e3c4cb3c753707,古代陸上運輸只
26b4ac291da6a25d5d0084af49748633,法國最大的城市是
c4fd151a42d82291ff49e03b21518710,中央防範和處理
f2343fb994760c7b9bc7f484f6f61141,華南理工大學，
901dcb92651e051d55d571fd812853d1,時區是地球上的區
565f37c68c0d47bc364d21ec90567b7f,與宋
5e46b1eb9d7656addb53b24bf737979c,網路電影資料庫是
ffa27a31eafee12dba4937ca6833be5b,一些光學儀
849c606cb25a42d3458cd124dcfc17af,由於許多
050dce821b7231620f8689cf8f999523,各個國家的海
cf747f17103ccd187f936c770f1d9ac5,命令
c9498a790979209b5bb164473e4769e5,有
88922f4b2556d8064fa9c01fdde15d6b,德
99d7d4919a7ccb5e964e405bf59892a0,1966年田
89a51527120cad54b2630eebb6956118,1949年10月
d180ae711821e01df0db81d8c8a7ac7d,鐵路方面，
ce3aec22b2765d98c94b3be7540d1c06,柏林圍牆是德
eaa9c90c70aded6b10125c40014daa4a,在利格尼茨之戰
dcf332e846950890e5948c566df5d8d0,國內生產
574052aaa238c4a54e092c8e5bac3766,地球上
4cc85ed9175484b52dd0739048bf0f32,在
108435bc5eb6d7486cd9280fae767d26,11
8997621542e157c632a380be75909a69,在此時，腓
2e02ef5d6db645e82dd4cb92971bcf69,京
af220a43c88afab0e224480e949cf0cb,元代未逾百年，然
807a739091cb02cb91397910c9cd3849,科學與非科
d69be2f3b06aad186df4d0047d06c8da,現代時期的開始代
98499bb9c252c27373ffc21291dfd214,現代時
e0581dd9c8fef6dd89a960a7e3d461df,耶
069446885260499c54ecc94049f612d9,康熙二
111f9efe6e7c9fd1b76901c5ef053b70,美國國會20
c13ad6372425e400cc2887d0e8c37de6,美利堅
053cba75997f3a5ada5d40fdde5ff7dc,阿拉巴馬州是
78976f075f3e14b9e8723b5bb187569c,不過儘管
a293de5fffeb38ecc01400c16e6d1e35,1
644f62f5cb87d498f28e83a202ef67e7,199
8f6a50fb31ed21e1620a893a4ffcb91e,過去，
71e5ec6a6d71af40c0e28f77f5327640,美國的立
f2b508b6f59f1e54765cf02156a8baa8,11
68d518c2958294e091dfce10950c8b68,現時的亞洲足球
b802eff86c2927438bbe9aacffac8240,九一一事件在世
834985e65c8c7feb6de3ff9f0e9de287,日治時期
d8f85c3608b28f3262046ff80cdd501e,專有軟體，又
c78a8fd628df9f3960fa653f6470ae75,抗日戰爭期間
e0e229747b7697a181d2054fa39922b6,現代時期
6d9ae14f5864c63922e3717c14fa3d0d,五旬節運動是
fe49943c16130bc9798173deeaa1a8d4,選舉
f81e52babb4bb158565877c4cd77160f,1972年的冠軍
d2d5853e473bc15a07a00afd87c62f01,心理學是否為
973c6966850f08125b2e1996955079e3,選擇國
fdb99cb40e462ec4106317535d73f166,1995
3d5776c53eaa5ae1d88fb3eba1d59060,1949年3月，
99b55eccd9889e273eefc8da955a07a3,依照
d51c3a7f6cb76a84aa6350df91faa7d5,柏拉圖哲
831b899abf732d67a15d33ce04cf5863,隨著解嚴以來政
9742b51e025adaf2ce93d20864d8e55b,政府是一
a2f99ea63659d7401e029651e9ddb0a6,耶穌從
